产品简称,当年收益%
华润信托昀沣4号集合资金信托计划,19.95
蓝海一号,180.9206
辰阳恒丰1号,105.9676
天玑财富4号,84.4
美好锦程2期,74.0863
上元1号,71.6704
金田龙盛,65.8968
潼骁成长精选三期,61.529
柯正正泓,56
华侨壹期8号,54.931
杜兹三号,54.6938
华侨壹期9号,53.1
鑫增长1号,51.8241
千波小盘1号,49.6526
卓汇财富3号,48.0454
富恒精选一号,47.1939
凡得幸福战略并购,46.9078
宁聚满天星,45.1575
证大久盈旗舰5号,43.3515
中垒一号,42.3842
私募学院菁英88号,42.3208
晟维价值,41.5
聚睿2号,41
世纪方略君鼎1号,39.7093
暖流叶山股票1号,39.5631
华银领先十六期,38.91
国投大盈一号,38.6139
金楠聚富1期,38.0732
嘉信六合策略,37.8966
高毅邻山1号远望,37.0044
青岛以太量化基金2号,35.9952
证大久盈旗舰102号,35.9562
隆N一号,35.609
九旭1号,35.1595
龙腾汇金2号,34.33
中国梦二期,34.3254
福建至诚滚雪球一号,34.01
沃蓝一期,33.5994
新湖赋成量化11号,33.5
塔晶老虎1期,33.296
德汇投资精选择2期,33.1892
巴克夏月月利1号,33.1281
江阴睿信主题成长2期,32.6276
沪深300指数,32.6
启创一号,32.4629
格雷成长3号,32.15
达仁卓越2号,32.0073
江阴睿信主题成长1期,31.8627
凯纳500指数增强3号,31.8
英大安之衡15号,31.4825
波若精选3期,31.1274
钰融一期,30.9615
辰阳乾丰智当家十号,30.684
钜垣投资健康中国一号,30.2876
凯纳500指数增强2号,30.1
稳健增长,29.9739
圣盾成长1号,29.71
私募学院菁英35号,29.61
旭诺成长对冲3号,29.4
道亨成长1号,29.2
尚诚壹品瑞雪精选1号,28.7879
福建滚雪球千里马1号,28.6
天谋富龙1期,28.5808
潮金创投1号,28.5713
国贸映雪2号,28.5
福建滚雪球32号,28.4608
丰奘1号,27.9148
智博方略快乐人生1号,27.4811
塔晶价值成长1号,27.3619
祥和1号,27.2572
星壤1号,27.2
弘尚资产灵活配置,27.0203
福建滚雪球31号,26.9119
融鑫5号,26.8503
逸杉2期,25.993
瀚木资产瀚木一号,25.8776
九铭恒升,25.7472
伯洋六期,25.546
德汇成长2期,25.5097
证大稳健,25.5033
元上大科一号,25.2
龙腾汇金1号,25.0805
福建滚雪球33号,24.7822
三次方1期,24.3
睿洪一号,24.16
东方点赞,23.8889
金浪1号,23.6193
飞旋成长五期,23.5621
财富广誉远安宫清心,23.3403
量道开普勒1号,23.2604
证大久盈金衍1号,23.1166
钡镭慈航基金,22.9496
中信宏量2号,22.9329
通和富享一期,22.59
私募学院菁英139号,22.5768
逐流1号,22.49
春风,22.2168
赋成瑞翔量化10号,22.2
海中湾(中信)基金1号,22.0509
润樽沪港通,21.8458
华霖进取一号,21.7879
灿熙10号,21.5348
钜沣量化1号,21.3
添华1号,21.21
龙隐1号,21.1
千波1号,20.9551
盛冠达股票量化1号,20.9
柏瑞嘉源成长1号,20.7547
乾立亨趋势策略1号,20.5266
波若精选1期,20.4906
永升致远1期,20.2233
中国梦8期,19.9
盈阳十九号,19.8656
优扬1号,19.862
和聚基金潇湘1号,19.8007
金诚立达海中湾8号,19.7408
君翼量化2号,19.7009
龙兴662号,19.54
菁英时代优选5号,19.455
亘盈稳健,19.3953
泽元朴厚专享1号,19.0674
东方港湾价值投资2号,19.055
瀚投华睿千和1号,19.043
天成壹号,18.9813
兆顺一号,18.8235
景石二期,18.7384
金楠聚富03期,18.6869
鲸象稳健1号,18.5848
逸杉1期,18.4534
林园3期,18.4491
格雷一期,18.3741
第二基金中国300指数基金,18.3529
元达信财富尊享1期,18.2612
昭图2期,18.2446
瀚信猎鹰1号,18.1991
林园,18.1947
昭图3期,18.166
卓泰2号基金,18.0342
圆信永丰优加生活,17.9612
进化论复合策略一号,17.9174
倍霖山绝对回报1号,17.8218
明K稳健增长1期,17.7545
浦江之星176号,17.6167
锦程1号,17.6127
福德天佑一号,17.3
宁波海顺1号,17.2782
证大金马量化1号,17.2479
映雪百丈冰1号,17.2475
华侨壹期2号,17.1319
宝润达价值成长壹号,17.044
天风稳胜2号,16.9618
天风证券稳胜1号,16.9618
天风领军趋势1号,16.8922
天风稳胜5号,16.8723
天风领军趋势2号,16.8623
天风稳胜4号,16.7529
长金银信宝6期,16.7519
锦鑫多策略量化套利1号,16.6991
天风稳胜3号,16.6932
德汇成长1期,16.6455
偏锋1期,16.5964
海中湾(齐鲁)3号,16.5516
证大久盈旗舰3号,16.4671
林园2期,16.4239
金中和西鼎,16.3206
鹤骑鹰奇异指数对冲,16.2734
新阳壹号,16.23
格雷二期,16.2037
九旭2号,16.1877
众禄A股新股10号,16.0874
B墀价值甄选,15.7
红角一号,15.6452
伯洋五期,15.5886
九霄稳健成长二号,15.5455
大概率资管1号,15.5304
宝丰一号,15.4745
锦洋1号,15.4695
神州牧1号,15.1767
瀚信猎鹰2号,15.0679
邦得2号,14.9
长金银信宝2期,14.7549
双头鹰伍号,14.751
菁英7号,14.7258
天风源泽添1号,14.7217
天风证赢1号,14.6933
天风源泽添2号,14.6918
天风源泽添4号,14.6819
天风证赢2号,14.6635
天风源泽添3号,14.5924
浅湖达尔文2号,14.5858
德汇精选,14.5729
天风源泽添5号,14.5726
天玑财富2号,14.5455
自由卓越一期,14.5
龙全进取1期,14.5
泓成富友1号,14.4056
赤子之心单一信托,14.3736
信海达品质生活,14.3498
秦粤创新股票型,14.3
天启谷羊,14.1493
志开慧泉,14.07
平安价值投资一期,14.0563
惠理价值一期,14.0563
泽泉信德,13.9575
淡水泉专项基金2期,13.9546
艺蓝一期,13.9414
私募学院菁英152号,13.94
华侨壹期6号,13.8757
伯洋一期,13.8725
益和源1号,13.6
臻禾稳健成长一期,13.5446
同威增值3期,13.4103
臻选二期,13.4054
佳友1号,13.3888
鼎润1期,13.3539
浊清价值二号,13.3499
湖汇山2号,13.327
鹰傲绝对价值,13.2953
新价值3期,13.1085
灿熙8号,13.1085
恒昌致知一号,13.0952
大概率资管2号,13.0728
华尔进取3号,13
道亨成长2号,12.9273
理成专户4号,12.8643
万丰友方贯富创赢1号B,12.8613
长金11号,12.7261
昭图1号,12.7073
磐海大周期二号,12.675
小鳄1号,12.6095
中睿博远价值尊享1号,12.5536
默名融智阳光12期,12.534
尖沣众远,12.4825
景富二期,12.4465
胡杨A股消费7号,12.4464
宏禾种子1号,12.4197
天信万霁1期,12.4
价值方程1号,12.4
雪球2期,12.3578
伯洋三期,12.3488
智博方略2期(续),12.3291
无量1期,12.3
利檀3期,12.2875
橡谷成长一号,12.2793
磐耀三期,12.2555
北极星1号,12.2
金太阳高毅国鹭1号崇远,12.0283
境外股票投资基金2号,11.7832
晓峰1号睿远,11.7684
博致一期,11.7241
东达价值增长一期,11.7166
中讯证券滚雪球一号,11.701
思考2号,11.7
相聚芒格一期,11.4573
乾元激荡岁月对冲一号,11.3725
长金7号,11.2976
华侨壹期7号,11.2828
信水长流一期,11.2477
慧研2号,11.1252
天祺一号,11.1036
融新181号(贝塔新经济1期),11.0988
盈富雪球收益持续增长1期,11.0604
赤子之心价值,11.0559
赤子之心成长,11.0325
开元价值壹号,11
少数派5号,10.9548
大愚二期,10.9371
汇创稳健一号,10.871
光大兴富进取5期第1期,10.869
七鼎世家青竹桥一号,10.818
中信专享赤子之心成长3号,10.803
明达2期,10.8002
中信专享赤子之心成长7号,10.796
银河恒天1号,10.793
中信专享赤子之心成长8号,10.7747
华尔进取2号,10.7353
中信专享赤子之心成长6号,10.7112
少数派求是1号,10.7066
中信专享赤子之心成长2号,10.6576
禧域产业趋势,10.6402
赤子之心招商单一信托,10.6395
乐金致远1期,10.6021
枫景,10.5864
融惠优选1期3号,10.5823
中信专享赤子之心成长5号,10.5779
禾永精选2号,10.5477
超越理财宝6号,10.5306
恒信盈创成长五期,10.4623
鹏华资产赤子之心价值1号,10.4329
盈阳十五号,10.4063
贤华一期,10.4
弘森1号,10.3582
神州牧1号,10.3344
丝路汉赋1号,10.32
凤翔长盈,10.3076
凯顺星成长,10.3
上善神州牧1号,10.2982
恒赢稳健1号,10.1852
金域量化5期,10.0742
析方港股系列,10.0397
中国力量全球策略配置金选1号,10.0295
弗睿得1号,10.0218
中国梦1期,9.9562
浙商金惠转型成长量化对冲1号,9.9395
富邦金马1期,9.924
浊清价值一号,9.902
天利进取1号,9.8464
大麓投资1期,9.801
尚谦1号,9.8
汉和恒聚,9.7554
海卓1期,9.7208
精益1号,9.7081
京福1号,9.7004
江海龙2号,9.6654
东旺进取,9.622
慧泉一号,9.6
炳富2号,9.5719
鸿然2号,9.5436
皓晨之星,9.4727
长流汇开元1期,9.4727
金域量化2期,9.466
迈隆1号,9.4253
纵贯成长1号,9.4196
泽泉涨停板1号,9.4124
普邦恒升(华金1期),9.4072
新价值2期,9.3858
林氏价值,9.3588
海燕全天候回报3期基金,9.3386
英大安之衡17号,9.3035
上海意志坚定1期,9.3035
融裕9号奕金安3期,9.2318
富直2号量化对冲,9.2255
浦来德天天开心对冲1号,9.1437
汉和1期,9.1201
阳翔一期,9.1077
静明对冲一期,9.0909
荣辉7期,9.08
凯兴博远3号,9
焕然1号,8.9829
金海9号,8.9412
港信新时代3号,8.9229
民奇一号,8.9002
泓澄投资,8.879
长河畅达稳健1号,8.866
精选二期(长金8号Ⅰ期)A类,8.8531
汇创三期,8.8454
爱医1号(长安投资359号),8.8156
鸿凯天天1号,8.8135
同威3期,8.801
国泰君安君享富利,8.7688
大概率资管3号,8.73
东方红先锋6号,8.7231
颢瀚稳健一期,8.7172
仙湖一号,8.7148
淡然资产博雅1期,8.6832
奕金安2期,8.6716
雷根5号,8.6655
玖月天玺1号,8.6567
德正盈丰2号,8.6137
黑天鹅林氏家族,8.6006
壹财富量化1号,8.5945
禾永精选1号,8.5911
易同增长,8.5492
景林创新成长,8.4855
鳄鱼,8.4798
磐海持盈1号,8.479
凯纳智尊,8.4697
睿盈2号,8.4168
稳增3期,8.4141
金沙海枫,8.4
海燕全天候回报2期基金,8.373
温莎简毅策略长盈9号,8.329
新思哲1期,8.31
牛行一号,8.2264
富利达二期,8.17
巨鹿1期,8.149
艾叶瓦洛兰,8.1139
神州牧10号,8.1081
巨杉海外视野1A号,8.1
万利富达德盛1期,8.0404
先锋6号Ⅱ期,8.033
勇宏优选,7.9575
智赢量化1号,7.9557
泉上圣斗士,7.8451
清和泉金牛山4期,7.8342
道冲核心竞争力,7.8
通和进取2号,7.7735
斯同1号,7.7626
对冲8号,7.7472
晋采资产管理计划,7.7387
合正普惠私募1号,7.7
吾股丰登1号,7.6623
源沣长征,7.6181
恒添新青年一号,7.6111
海顺交易宝一号,7.6
博弘数君凤凰,7.5772
双宇华耀创富1期,7.5394
复利价值,7.5171
铭远丝绸之路,7.5111
鸿庆华融价值成长1号,7.5
私募学院菁英43号,7.47
金域量化1期,7.4384
乐山1号,7.4
京福2号,7.3586
科技创新量化精选基金1期,7.3529
赢隆2期,7.3361
融儒稳健一号,7.3329
星火燎原1号,7.324
资瑞兴一号,7.3
厚德载物1号,7.2744
惠嘉稳健成长,7.2715
置富1号,7.22
江大情一号,7.2
中国价值,7.1973
鼎熙稳健成长1号,7.1429
君洽精选二期,7.1357
万霁一号,7.0597
发现2号,7.0452
盈阳涌鑫三号,7
开河稳健成长一号,7
华鑫鑫财富智享3号,6.9793
通泽暖阳1期,6.9774
伯洋九期,6.96
金狮152号,6.9345
云信私募工场金舆财富之车1号,6.8986
滚雪球四方稳盈1号,6.895
蓝筹1期,6.8599
时鸣2号,6.7297
红炎神州牧,6.7269
280号,6.6537
金牛神州牧,6.6528
福建滚雪球8号,6.6339
滚雪球赢智一号,6.6157
滚雪球1号基金,6.5749
新富量化稳盈9号,6.5735
信复创值3号,6.5033
五矿鑫扬智选一号,6.4413
颢瀚稳健二期,6.4394
金泉动量对冲基金,6.4268
海燕四季收益1期,6.4229
融智新锐10期(泽泉投资),6.3809
旭诚五期,6.3213
安远一号,6.3107
观富策略1号,6.3035
财富广金恒富5号,6.29
Z云天天向上二号,6.273
拾年3号,6.2606
鹏石硕1号,6.25
易同精选三期,6.1747
彬耕一期,6.1685
工银量化恒盛精选A类10期,6.1548
康成亨1期,6.1505
欣筠和一期,6.1245
泰盈基金,6.1022
大通道财道1号,6.0781
万利富达,6.0516
国泰君安君享弘利二号,6.0454
滚雪球3号,6.0443
中联投资明星1期,6.04
映雪国贸95基金,6.0331
承泽狩猎者主基金,6.0256
循远成长一号,6.0248
上海量化大数据1号,5.9863
华盛创赢5号,5.9184
大树择时对冲一号,5.9051
海中湾开泰6号,5.9001
仓红1号灵活进取,5.8861
易同精选五期,5.8572
旭升1号,5.8175
长流汇开元2期,5.8172
国泰君安君享对冲二号,5.7766
Z云天天向上一号,5.7762
少数派7号,5.7754
益盟财富1期,5.7754
和聚基金财富8号,5.7318
华银汇森一号基金,5.7318
谊恒多品种进取1号,5.7
厚恩恒山,5.6487
晋龙1号,5.6096
乾信中国影响力,5.5996
安天诚丰盈2号,5.59
易同成长,5.5332
牛金套利对冲基金,5.5231
少数派8号,5.4785
银垒进取2号,5.456
易同优选,5.4545
泛涵正元,5.4433
易同精选,5.4355
瑞鑫远航私募学院菁英117号,5.4316
滚雪球2号,5.4288
天生桥A股投资基金二期,5.4252
颢瀚稳健三期,5.3049
仙人掌金牛1号,5.2962
睿W量化对冲1期,5.2533
信复创值2号,5.2223
中国价值1期,5.2137
湖汇山一号,5.2
通和多策略对冲1期,5.1921
通和进取1号,5.1865
新智达成长一号,5.1646
红帆一号,5.1411
睿策量化1期,5.1314
邦阁灵活配置2号,5.1233
盛泉恒元进取1号,5.1086
恒龙01号,5.0989
海神一号,5.0862
悟空量化对冲6期,5.052
上河基金,5.0299
投资精英之博道,5.011
投资精英之博道,5.011
投资精英之博道A,5.011
投资精英之博道C,5.011
荣辉6号,4.973
苦行僧2号,4.97
永发投资稳健进取2期,4.9603
神农春秋,4.9325
新价值12号,4.8802
千象成长1号,4.84
海洋之星90号第五期,4.8375
泽泉神州牧15号,4.8096
知几投资灵活配置3期,4.6986
资本运作1期,4.6781
招商智远海能达1号,4.6145
奕金安一期,4.6124
新富量化稳盈16号,4.6
中金对冲1号,4.5512
汇鑫89号,4.5503
胜达成长2期,4.5301
盛运德诚趋势2号,4.5056
大愚三期,4.49
安之衡18号,4.4606
汇冕1期,4.4499
海洋之星1号,4.4294
国泰君安君享新利三号,4.3945
嘉裕二号,4.375
聚盈1号,4.3689
楠溪一期,4.3451
泽泉盛辉,4.3245
众乐未名量化对冲二号,4.3071
慧金天成1期,4.3
游马地量化A,4.2695
安洪精选,4.25
国泰君安君享弘利三号,4.2419
招商智远量化多空2号,4.2227
旭诺成长择时对冲一号,4.1873
圆信永丰双利A类,4.1863
民享紫晶稳优,4.182
世钰5期,4.171
珠池量化稳健投资母基金1号,4.1708
富利达一期,4.1589
证大久盈旗舰1号,4.1264
诚业1号,4.1139
新华汇嘉至尊成长,4.0943
淘利策略指数轮动1号,4.0865
嘉伦价值10号,4.0798
阳光宝2号,4.0401
知几投资灵活配置2期,4.035
永达2期(长安投资275号),4.019
子青1期,4.0107
银德1期,4
恒德1期,3.9987
阳光宝1号,3.9793
景林丰收2号,3.9728
达仁通宝7期,3.972
金域量化3期,3.969
融临02号,3.9243
相聚晓兴一期,3.9157
1306),3.9143
景泰富尊一期,3.884
私募工场睿磊稳健,3.8414
招商智远量化多空,3.8213
知本合丰3号,3.8091
贝富盛第二期,3.7975
国泰君安君享弘利,3.7943
易富宏泰一期,3.7773
立名量化1号,3.7739
开源1号,3.7715
恒德中略2号,3.7641
中国价值线三号,3.75
平石T5对冲基金,3.7481
金蟾蜍一号,3.74
观富平衡,3.7243
呐2期,3.72
中国龙精选,3.713
国泰君安君享新利七号,3.6821
海燕全天候回报1期基金,3.6789
前瞻8号,3.6723
同瑞汇金1期,3.6538
国泰君安君享新利一号,3.6288
东源1期,3.6211
国贸映雪1号,3.6195
睿远能源行业优选,3.6039
上海量化事件驱动1号,3.5995
金石1期,3.5898
双隆多策略混合6号,3.5577
开宝2期,3.5519
炳富1号,3.5518
盛运德诚趋势1号,3.5467
时鸣7号,3.5088
鑫富越2号,3.5034
神农医药A,3.5
融儒尊享2号,3.4873
国泰君安君享弘利五号,3.483
甘主动管理型,3.4511
龙萨容裕3号,3.4392
七王瑞德2号,3.4188
招商汇智之凤翔1号,3.4176
牛丰子午线一期,3.4169
恒德中略1期,3.4079
泓澄研究精选1号,3.3954
万吨资产航母,3.3782
泓澄研究精选2号,3.3696
华洲五号,3.343
宝耀1期(宝鸿财富),3.3402
国泰君安君享对冲一号,3.3302
远望角容远1号,3.3
博复达2号,3.2993
以太量化1号基金,3.2253
菩提成长8号,3.2174
银河稳汇4号,3.2013
银河稳汇1号,3.1816
睿策量化2期,3.1773
厚品资产复利一号,3.1741
私募学院菁英16号,3.1652
太平洋红珊瑚19号,3.1621
理成风景15号,3.1267
民晟资产2号,3.1114
金百合6号,3.0938
道亨对冲1号,3.0712
玉牛一号,3.0597
明河价值一期,3.0413
明河优质企业,3.0161
尊岳进取3号,3.0011
博弈天成1期,3
圆信永丰双利C类,2.9947
沣杨飞越,2.9946
相聚上善一期,2.9895
淘利策略指数轮动3号基金,2.9852
笃道1期,2.9708
黑森九号,2.9453
恒添新青年四号,2.9382
笨牛精选一期,2.9268
上海量化多策略1号,2.9258
禧域千禧,2.9188
达仁通宝8期,2.9122
融裕二期,2.8777
聚丰荣华,2.8368
大朴策略2号,2.8317
贝富盛一期,2.7948
实力终极复利机器,2.7861
万丰友方贯升2号,2.7842
华盛盈富一期,2.7473
怡广国改2号,2.729
悟空绿城对冲量化一期,2.7219
温瑞福1号,2.7218
富安达汇升智选一号,2.7197
睿策诺亚对冲,2.7192
云程泰3期,2.7007
金柏1期,2.6973
凯纳300量化4号指数,2.6923
龙江红1期,2.6868
证大久盈旗舰101号,2.682
鑫安6期,2.6673
国信红岭量化,2.6663
长城量化优选8号,2.6623
华尔进取1号,2.6618
安志远望角目标3号,2.6531
添益一号,2.6
归富长乐1号,2.5861
四相1期,2.5534
中环港沪深对冲基金,2.4857
鸿阳1号,2.4786
华中汇富穿越牛熊基金,2.4679
观富价值一号,2.4584
长江稳健,2.4436
悟空东略量化对冲1期,2.4401
新价值11号,2.4325
融湖成长基金(母基金),2.4128
鸿涵成长一期,2.4
金富量化策略3号,2.3967
中科智1号,2.386
凯纳300量化3号指数,2.381
论德葵潭正能量,2.369
睿策1期,2.3688
民创8号,2.3559
丰利中经乾宁,2.3323
齐鲁星空1号,2.3291
众挡呕三号,2.3277
承泽狩猎者从基金(Feeder)一号,2.3077
滚雪球2号,2.3065
青鼎赤兔马1号,2.3015
滨利价值尊享1号,2.2953
大朴策略3号,2.2951
睿策2期,2.2911
中金蓝海财纳易,2.276
华骏海石1号,2.2589
中信海外投资1号,2.2427
国泰君安君享新利二号,2.2282
工银量化恒盛精选A类20期,2.2258
世富壹玖创新,2.1621
重阳8期,2.1168
东方红先锋3号,2.0973
涵德量化稳健主基金,2.0864
海中湾腾实,2.079
金瀛2期,2.0744
呐1期,2.0625
银河恒天2号,2.0625
正幂宏弈3号,2.0588
涌鑫二号,2.045
汇信华安1号,2.0201
金骏稳健价值,2.014
源品泓丰1期,2
海阔天空1号,1.9856
悟空对冲量化三期,1.9632
昶享2号,1.9625
睿策3期,1.9521
瑞天5期,1.9464
健康生活主题优粤2号第2期,1.9352
永隆量化趋势,1.9212
承泽资产趋势1号,1.9205
或然赋利1期,1.9047
点金主题轮动对冲一号,1.9
银河稳汇2号,1.878
泽履二期,1.8693
德正盈丰3号,1.8564
开宝1期,1.8327
大虎A股1号,1.8219
创海富信5号,1.8016
东方红先锋7号,1.7944
德高1号,1.7832
信璞深蓝,1.782
昭时六期,1.7787
瀚信九零3号,1.7703
银帆7期,1.758
旭诚辉煌,1.7352
银石10期,1.7316
融新74号(富恩德1期),1.7213
融智广发滚雪球1号,1.7104
信复创值5号,1.7068
中国梦2期,1.6949
汇冕2期,1.6867
赋骋万1号,1.6704
悟空利得对冲量化一期,1.6694
新价值4号,1.6558
晟世3号,1.6529
勤远1号,1.6441
金狮161号,1.6309
银河稳汇5号,1.6153
臻选一期,1.6129
合撰成长精选叁号,1.6
银河稳汇3号,1.5861
宽智量化对冲5号,1.569
天玑财富1号,1.5647
量化2号,1.5584
融通资本国金量化1号资产管理计划,1.5539
悟空对冲量化四期,1.5519
兴证鑫享7号,1.5453
健康生活主题优粤2号第3期,1.539
泽泉景渤财富,1.5372
大朴策略1号,1.4996
默名十一期,1.4956
长江基金,1.4942
金海4号,1.4916
金狮160号,1.4902
优波基金,1.4623
健康生活主题优粤2号第4期,1.462
大朴进取1期,1.4245
保银量化石榴,1.4178
衍航3号,1.4054
慧利优选3期,1.385
上海量化多策略2号,1.2876
银河稳汇7号,1.2747
金狮154号,1.2743
健康生活主题优粤2号第1期,1.249
中金对冲5号,1.2342
君茂跨市场1号,1.2072
凯纳300,1.2071
汇阳1号,1.1952
兴证资管玉麒麟沪港深精选1号,1.1917
汇聚4号,1.1868
昭时九期,1.182
兴证鑫享8号,1.1701
希瓦小牛5号,1.1685
沣杨优选,1.1637
旭诚十期,1.1278
明达,1.126
泽帆1号,1.1237
碧海翔达,1.1236
理想1号,1.1
银河稳汇6号,1.0995
致君基石投资一号,1.0989
盈峰恒泰量化对冲,1.0978
金狮151号,1.0872
释捷投资阔叶林,1.0786
中金对冲3号,1.0596
明远睿达2号,1.0524
中金对冲6号,1.0233
星石11期,1.0026
清水源国君,0.9937
景富趋势成长二期,0.98
共盈凯石喜洋洋,0.978
金蕴62期(七王瑞德一号),0.9529
阳翔二期,0.9434
景林1号,0.9378
上善御富优势缓冲一期,0.9307
量化3号,0.9289
星石10期,0.9262
工银量化恒盛精选,0.8911
淘利策略指数进取3号,0.8713
前海青藤一号,0.8601
信盈债券投资,0.8522
汇泽盛1号,0.8304
银帆8期,0.8228
铜爵强国重器3号,0.8
鼎业进取,0.8
华炎晨星,0.795
银帆2期,0.7911
价值精选5期,0.7896
若愚量化动态对冲1期,0.7882
汇祥4号,0.742
金石管理型基金,0.722
瑞民策略精选二号,0.7107
鑫源瑞1期,0.7
海一壹号,0.7
盘古山红1号,0.7
陆宝点金精选,0.6735
归富成长复兴二号,0.6413
银河稳汇8号,0.6326
悟空同创量化1期,0.604
远见3号,0.6
求阙精选一号,0.6
兴福TOP量化优选30,0.5822
资富精鉴三期基金,0.5658
弘尚投资,0.5626
淡水泉2008,0.547
浦江之星103号二期,0.5433
沣杨卓越,0.529
拾贝探索,0.5287
长江超越理财琴台3号,0.527
睿信,0.5238
中金对冲10号,0.4933
金蕴30期,0.4913
常春藤稳健成长,0.4895
秋阳成长7期,0.4766
欧比特1号,0.47
泓璞上合1号,0.4591
齐鲁星汉1号,0.4324
悟空对冲量化2期,0.4194
彤源6号,0.4114
三一资本明珠1号,0.3996
正前方合盈量化对冲3号,0.3975
小禹1期,0.3916
淡水泉成长四期,0.3834
沣杨超越,0.364
鼎萨2期,0.3588
银石12期,0.33
景石一期,0.3279
双赢7期(星石),0.3217
源乘一号,0.3205
龙全2号,0.3182
玉麒麟价值成长,0.3098
融临55号,0.3064
信复创值1号,0.3059
金海2号,0.3046
点金行业一号,0.3009
滚雪球赢智二号,0.2914
归富成长复兴三号,0.2662
赢隆1期,0.2378
新思哲成长基金,0.2191
鼎润二期,0.2008
博健精选1号,0.1988
中国价值线二号,0.1869
银帆1期,0.1785
天星3号,0.1785
|瑞成长动力,0.1757
若愚量化配置1期,0.1701
华莎泉明月一号,0.1195
万丰友方稳健成长2期,0.1028
象学一期,0.0991
悟空对冲量化五期,0.0899
新价值5号,0.0887
众悦资产1号,0.0832
中信证券宏明量化多策略1号,0.0765
明达3期,0.0731
中山宝睿精选,0.0406
中金慧赢1号,0.0198
凯纳骊莱,0.0056
信德医疗,0
汇益1号,0
品熙1号,-0.0002
滚雪球1号,-0.0098
淡水泉成长五期,-0.0333
朴石1期,-0.0444
新方程基金2期,-0.0568
创赢7号,-0.0711
和禄1号,-0.0874
明达4期,-0.0934
金辇精选1号,-0.1
瀚信九零7号,-0.1093
潼骁稳健2号,-0.1219
云程泰增值二期,-0.1222
子青2期,-0.1333
睿源1号,-0.1928
世纪汇金量化一期,-0.1959
火麒麟1号,-0.2
杏花1号,-0.2025
承祺1号,-0.2177
国金工银量化恒盛精选D类33期,-0.2271
锦绣中金1号,-0.2271
拾贝精选,-0.2375
宇迪钱王山1号,-0.2492
淘利策略指数轮动2号,-0.2522
华阳1号,-0.2702
远望角投资1期,-0.2812
神农1期,-0.3018
广金恒富2号,-0.3182
懿和五期(长安投资373号),-0.3238
央视50平衡集合资产管理计划,-0.3268
赢隆8期,-0.3277
佳盈四期,-0.3361
胡杨林一期,-0.354
金狮142号,-0.3743
藏泓财富一号,-0.4075
中兴汇金1期,-0.4149
91金融东方港湾价值1号,-0.4209
合美成长私募证券,-0.4219
广金成长5期,-0.4368
瀚信九零5号,-0.4415
海外精选至臻隆奥1期,-0.4501
新价值19期,-0.5165
双赢10期(淡水泉),-0.5268
恺俊投资1号,-0.5317
德邦慧选1号,-0.5513
蓝枫策略1号,-0.58
时中1期,-0.5846
盈阳二十二号,-0.6
菩提成长1号,-0.6
凡得幸福明星,-0.6048
上善若水3期,-0.6298
稳健流动性管理,-0.6431
星石9期,-0.6478
万杉丰和六期,-0.6554
富昶稳健一期,-0.668
大朴多维度5号,-0.6691
大通道财道2号,-0.6883
南华新界1号,-0.694
新价值,-0.6965
滚雪球价值精选01号,-0.7017
东方港湾03号,-0.7078
牟合资产量化1期,-0.7301
三略价值成长,-0.7463
巴沃成长一号,-0.7484
炜博领航,-0.7506
利得宝,-0.762
探骊,-0.7927
澎泰安全边际一期,-0.8024
增金2号,-0.8055
淡水泉成长一期,-0.824
灏四方亮明基金,-0.8314
承泽资产成长1号,-0.8342
私募工场牛扬众仁1号,-0.87
景林港股,-0.8861
和熙17号,-0.8881
淡水泉专项2期,-0.8997
润之泽阿尔法成长一号,-0.9
宏亮投资复合增利对冲,-0.9018
淡水泉专项3期,-0.9291
中国优质1号,-0.9303
星石15期,-0.9333
泽泉福虹财富,-0.9335
知几投资灵活配置1期,-0.9546
宽远价值成长,-0.9587
星纪月月盈,-0.9745
新方程基金1期,-0.9857
滚雪球西湖1号,-0.9901
新湖延尚1号,-0.9919
系数恒享量化对冲1期,-0.999
勤晟泓熹价值,-1
淡水泉成长七期,-1.0047
观富巴斯威尔,-1.0074
道恒稳健,-1.0074
希瓦小牛3号,-1.0102
天鹿二号,-1.0188
湘禾二号基金,-1.032
鼎陶朱辉2期,-1.0339
榕树文明复兴六期,-1.04
佳音一号,-1.0485
星石18期,-1.075
鑫安3期,-1.0789
鸿泰12号,-1.0929
明河成长,-1.094
祥运和1号,-1.1004
倚天瀚海雄风19号,-1.1055
星石20期,-1.1257
广发瑞天8号,-1.1325
1003),-1.163
红筹1号,-1.1838
景林稳健,-1.1853
中信证券成长精选1号,-1.1888
华安神州牧,-1.2011
恒天万吨一期,-1.2272
中风投一号,-1.2318
天弓2号,-1.2451
凡得幸福龙道,-1.2459
理成风景7号,-1.2466
正前方五福临门量化对冲进取F1号,-1.26
淡水泉成长九期,-1.2631
赢隆9号,-1.2652
钱王稳增长1号,-1.27
星石12期,-1.2758
鑫安9期,-1.3326
橙色量化对冲一期,-1.341
锐进系列淡水泉精选二期,-1.3436
小牛鸿志1号,-1.3441
牛金价值,-1.3483
星石19期,-1.3488
清水源优势,-1.3525
和聚诺亚专享8号,-1.3561
宏盛隆景系列(2号),-1.36
励石2号,-1.3686
东方红新公益,-1.3822
银帆6期,-1.3905
小小的船2号,-1.4
希瓦小牛1号,-1.4232
彼立弗复利一期,-1.4302
淡水泉成长三期,-1.4503
云程泰增值,-1.4565
云程泰1期,-1.4565
星石14期,-1.4599
盛世景10号,-1.4603
黑天鹅楠之1期,-1.469
菁英时代成长3号,-1.4808
中国龙增长,-1.4924
星石17期,-1.5044
国金中国龙进取2号,-1.5068
系数对冲2号,-1.5137
拾贝投资4号,-1.5186
明河科技改变生活,-1.5287
锐进25期盈信瑞峰股票多空尊享系列,-1.565
鑫安1期,-1.5736
工银量化恒盛精选D类24期,-1.5746
景林优选2号,-1.5802
上善御富中国优势对冲,-1.5927
鑫安2期,-1.5998
融裕瀚信成长10期,-1.6007
汉景港湾投360一号,-1.6032
银帆5期,-1.616
搏股通金2号二期,-1.6179
拾贝投资6号,-1.6313
博润价值成长,-1.669
明达6期,-1.6864
拾贝投资3号,-1.6892
长余9号金圣成长,-1.693
米牛沪港深精选,-1.7
双赢6期(涌金),-1.7198
富安达安晟1号(福麟15号),-1.7336
279号,-1.7354
东方鼎泰1期,-1.7427
锐进29号景林多元策略,-1.7542
彤源3号,-1.7642
创赢2号,-1.769
中信红利价值增强1号,-1.7774
德骏核心1号,-1.7778
兴福1期(宽远),-1.7814
国金中国龙稳健3期,-1.7862
申孚1号,-1.7884
天弓3号,-1.794
宏利一期,-1.795
今港趋势,-1.8018
中国龙稳健(五),-1.8098
美港基金,-1.8204
嘉谟动量,-1.8221
搏股通金2号三期,-1.8298
金狮155号,-1.8345
淡水泉精选1期,-1.8518
星石8期,-1.8602
新价值10期,-1.8697
毅木资产卓越理财1号,-1.8709
领真2期,-1.8908
智祺1号,-1.8997
长金4号,-1.9075
弘尚资产灵活配置精选2号,-1.9085
兴业玉麒麟2号,-1.9259
星石回报1期,-1.9333
金蕴28期(神农春生),-1.9486
B容五期,-1.9759
广州鲲鹏新兴行业精选2号,-1.988
金蕴109期,-1.9888
旭诺成长对冲2号,-1.9943
创赢3号,-1.9959
汇创稳健2号,-2
和聚兴享1期,-2.0022
沃胜8号,-2.0027
东方港湾2号,-2.0095
福建滚雪球9号,-2.0101
财通1期,-2.0134
明德1号,-2.0246
大包巷1号,-2.0303
上海颐盛1号,-2.0369
冰剑5号,-2.0556
淡水泉专项3期,-2.062
锐进47期七曜,-2.0662
金蕴38号(上善若水4期),-2.0679
清淙成长1号,-2.0716
华西神农复兴,-2.0757
广信量化优选1期,-2.0997
国金中国龙稳健2期,-2.1142
向阳1号,-2.1166
领真1期,-2.1172
金蕴16期,-2.1259
锐远1号,-2.1563
淡水泉专项6期泰九1期,-2.1608
淡水泉专项6期,-2.1608
智德精选6期,-2.1786
卓盈01号,-2.1888
融通资本汉景港湾1号,-2.194
朴石5期,-2.198
望正精英永欢1号,-2.2021
炜博中略1号,-2.2516
彼林乃尔主题精选1期,-2.2629
上善目标缓冲,-2.2635
钜派双核,-2.28
世诚扬子11号,-2.2889
淡水泉成长六期,-2.2894
映雪霜雪7号,-2.301
尊富1号,-2.3075
道谊稳进,-2.3101
清和泉优选1期,-2.32
锃亮一期,-2.349
瑞天3期,-2.3572
拾贝投资2号,-2.3622
徐星团队基金,-2.3763
星石1期,-2.3764
德邦三板启航1号,-2.3824
新价值15期,-2.395
金海3号,-2.3969
锦石瑞民1号,-2.4136
国金中国龙稳健1期,-2.4292
泽元元利,-2.4356
合德丰泰,-2.4445
星石汇智财富,-2.4455
衍航1号,-2.4852
衍航5号主题行业轮动,-2.5097
元上进取一号,-2.5145
长见精选2号,-2.5192
紫晶一号,-2.5305
长江汉景港湾1号,-2.5491
星石22期,-2.55
萤火虫1号,-2.5641
华盛国海创赢6号,-2.5668
中国龙价值对冲1号,-2.5787
星石2期,-2.5799
拾贝投资1号,-2.5857
理成转子2号,-2.5978
和聚11期,-2.6038
昊嘉信格物1号,-2.61
中国龙平衡,-2.6114
创赢5号,-2.6136
兴亿成长一期,-2.6151
日N1号,-2.6644
中睿合银策略优选4号,-2.677
千岱红五星,-2.6821
星石7期,-2.6845
镛泉资产和鑫1号,-2.6919
瑞天价值成长,-2.7057
上善若水6期,-2.7465
招商创赢1号,-2.7661
诚盛1期,-2.8088
拾贝投资5号,-2.8158
星石3期,-2.8252
搏股通金(大岩资本)量化17号,-2.8399
聚金8号A1,-2.8431
兴富恒升,-2.8517
盈峰梧桐量化对冲,-2.8533
胡杨A股消费,-2.8587
华信沐青一号,-2.8601
星石4期,-2.862
同3期,-2.863
天马多空策略投资基金,-2.8642
锐进15期中国龙稳健,-2.8673
东方港湾利得汉景1期,-2.8735
中国龙资本市场,-2.8766
富腾成长三期,-2.8768
博弘数君白泽,-2.8827
新上正1期,-2.8858
长江超越理财量化6号,-2.892
创赢1号,-2.909
和聚商享1期,-2.9168
景富趋势成长一期,-2.9295
中域稳健涵和1期,-2.9309
星石13期,-2.9311
裕晋10期,-2.941
雷球1号,-2.9474
新同方乘风基金1号,-2.9562
中欧瑞博3号,-2.9663
盛运德诚趋势5号,-2.9697
锦润投资1期,-2.9767
世诚3号,-2.9767
淡水泉专项5期,-2.9776
信璞硬资产,-2.9778
星石21期,-2.9787
星石5期,-2.979
国泓稳健1期,-2.9959
博虎瞰金,-3.0021
瀚信九零9号,-3.0217
富昶稳健二期,-3.0447
星石6期,-3.0619
宣博1号,-3.0655
私募精选2期,-3.0747
私募精选1期,-3.0748
金蕴71期(同创佳业一期),-3.086
天辰1号基金,-3.1
贝富盛稳进一号,-3.1
国时泰盛一号,-3.1
盛世云鼎1期,-3.106
和聚12期,-3.1164
雄资壹号,-3.122
渤海汇富量化宝3号,-3.1393
和聚1期,-3.1425
三略稳健增值,-3.1508
巨柏橡树,-3.1858
新价值16号,-3.1938
睿信成长1期,-3.1949
弘尚资产三和1号,-3.1978
东达成长三期,-3.2
质嘉尊享A,-3.2
合正赢动2期,-3.2049
泽元元泰,-3.2067
聚沣1期,-3.2166
峪源量化多策略资产,-3.2275
赋誉投资价值精选1号,-3.2447
清水源专项,-3.2598
康曼德003号,-3.2628
聚米1期,-3.2666
深乾平衡一号,-3.2979
华英绝对回报A,-3.3
永禧永进专享,-3.3
今赫基业1号,-3.3003
磐信1期,-3.3099
金蕴56期,-3.3191
久富7期,-3.3226
滚雪球一号,-3.3264
星石16期,-3.3275
大岩1号,-3.3279
创海富信1号,-3.3292
和聚玖享1号,-3.3333
中欧瑞博一期,-3.337
大岩量化平衡1号,-3.3563
和聚民享1号,-3.3592
和聚10期,-3.3604
恒信盈创成长二期,-3.388
九方创富1号,-3.3916
徐星成长一号,-3.398
名禹2期,-3.4265
道睿择2期,-3.4365
光大资产权益类B,-3.4428
汇晨1号,-3.445
清水源4号子基金项目(专项),-3.4516
海通喜岳华山1号,-3.4615
元泉绝对收益基金1号,-3.4908
敬勤三期,-3.5
励远1期,-3.5027
道合1号,-3.5088
昆仑二十八号,-3.5095
承泽股票二号基金,-3.5162
博颐稳健1期,-3.5222
私募学院菁英87号,-3.5224
景资瑞丰,-3.53
灏四方国明基金,-3.5333
高傅汉景港湾1号,-3.5404
和聚6期,-3.5635
融通资本汉景港湾2号,-3.5637
同牟仆5期,-3.5642
兴业金麒麟核心优势,-3.5858
浙商汉景港湾1号,-3.5959
宝慈国企改革六期,-3.6
质嘉二期,-3.6214
和聚3期,-3.6273
高溪多空趋势2号,-3.6327
和聚2期,-3.6338
理成转子15号,-3.6383
润晖稳健增值,-3.6546
博弈树稳定增长1号,-3.6556
尚雅8期,-3.6865
中睿合银弈势5号,-3.6931
道睿择1期,-3.7028
大岩平衡,-3.7128
中欧瑞博4号,-3.7264
海汇财富2期,-3.7344
趋势精选,-3.7352
喜马拉雅1期,-3.7389
同庆3期,-3.7688
高溪量化对冲1号,-3.7696
胜达成长3期,-3.7747
中国龙精选(二),-3.7836
东方点石1号,-3.8212
世诚1号,-3.8329
和聚4期,-3.8341
辰月价值精选2号,-3.8345
中新融创长赢1期,-3.8462
日出财富主题优选二号,-3.8571
平安徐星1号,-3.8682
裕隆1号,-3.8693
来兴3号,-3.9
朝阳清水源一期,-3.9063
安民1号,-3.9106
骐邦精选成长,-3.9132
弘石长安1号,-3.9196
新风口价值成长1号,-3.9506
榕树陈氏,-3.9596
世诚2号,-3.9658
金百F1期,-3.9714
八零后一期,-3.9812
巨杉净值线13号,-3.9823
联鑫长江一号,-3.9877
融新316号玖歌投资,-3.9903
汇信得3期,-3.9923
徐星投资,-3.998
源代码木星1号,-4
中国龙稳健,-4.0279
鑫扬一期,-4.0413
博道1号,-4.0482
承源07号,-4.05
毅木动态精选资产,-4.0568
中欧瑞博6号,-4.0669
蕴泽5号,-4.0674
朴石6期,-4.0715
双赢12期(彤源),-4.0722
山水人投资猎豹一号,-4.0724
中睿合银策略组合B号,-4.0782
太阳石一号,-4.1
瀚信成长4期,-4.109
恒天清和泉一期,-4.1164
执耳医药,-4.1324
和聚7期,-4.1441
和聚股票1号,-4.1461
理成消费分红(转子6号),-4.1603
汇聚1号,-4.1634
鸿逸中云一号,-4.1922
合正稳健增长一号,-4.1988
中欧瑞博5号,-4.2056
金牡丹道谊稳健,-4.2085
金蕴89期(东方平N双诚一号),-4.2142
股票优选9号,-4.23
长金9号,-4.2335
宏莱价值进取一号,-4.2343
得利宝至尊10号,-4.2401
和聚8期,-4.2668
京石稳健2期,-4.268
第一创业大岩资本量化1期,-4.2866
鼎业致远,-4.3
幸福1号,-4.3068
广发银来汉景港湾1号,-4.3347
格林大华伯利恒1期,-4.34
国道量化一号,-4.3467
同6期,-4.359
恒信盈创成长六期,-4.3651
亲亲宝贝1号(长安投资338号),-4.3706
成源一期,-4.4
咸和成长一号,-4.4
金百F6期,-4.4027
润京凯旋量化对冲6号,-4.4046
凯旋量化6号,-4.4046
惠正1号,-4.409
明己稳健增长一号,-4.4118
嘉伦资管12号,-4.4297
中欧瑞博诺亚,-4.4312
富远利1号,-4.4444
先机策略精选,-4.4656
远策4期,-4.4866
锐进16期中欧瑞博,-4.5078
金海8号,-4.511
巨杉银信宝十期,-4.5183
中睿合银弈势7号,-4.545
和聚融享1号,-4.5534
康曼德101号,-4.5866
申孚2号,-4.5884
传家堡3号,-4.607
Z恒一期,-4.6316
新里程超越梦想,-4.6407
清水源成长,-4.645
天星2号,-4.645
超越理财量化对冲1号,-4.6461
广发资管大健康,-4.6498
创富1号,-4.653
中国价值线一号,-4.6635
湘财资本1号,-4.6657
和聚北斗星专享1号,-4.6677
长江资管量化对冲1号,-4.6782
远策6期,-4.6833
中国龙进取,-4.7033
浦江之星186号,-4.7101
磐耀四期,-4.7379
和聚5期,-4.7723
景睿赢一号(七星1号),-4.7792
神农飞虎,-4.7813
军工7期,-4.795
辰景港湾1号,-4.7959
诺亚清水源36号,-4.8134
财通财丰1号,-4.8317
神农厚德母基金,-4.8397
国泰君安君享新利六号,-4.8401
神农恒天贞观,-4.8459
华西尊享1号,-4.8544
质嘉三期,-4.8632
喜马拉雅基金,-4.8681
精英之弘尚,-4.8688
惠正3号,-4.8732
久富4期,-4.881
铜爵之强国重器2号,-4.9024
榕树澄源,-4.9279
康曼德002号,-4.953
中欧瑞博1号,-4.9596
榕树文明复兴二期,-4.9669
金百F5期,-4.9822
奥索共赢1号,-5
远策锐进26期,-5.0086
榕树文明复兴,-5.0158
恒复利贞,-5.019
秋阳泛华5期,-5.0449
裕晋18期,-5.0454
华英今日投资66,-5.0526
蕴泽3号,-5.0582
新方程相聚精选,-5.0657
增金1号,-5.0926
尊岳进取2号,-5.0976
品正理翔2期,-5.0976
融通资本盈冠东方汉景1号,-5.102
宾悦成长3号,-5.1029
实力旗舰,-5.1044
兆信1期,-5.106
新价值20期,-5.1448
申孚4号,-5.1614
飞天4号,-5.1801
中融1号,-5.2063
百洋资产鼎瞻盛世1号,-5.2104
正弘锐意,-5.228
新价值2期,-5.2429
中欧瑞博四期,-5.2741
清水源39号,-5.2774
诚博,-5.283
财智五星,-5.2873
菁英时代价值成长2号,-5.2902
中睿合银弈势4号,-5.2964
融享二号,-5.2974
中信证券信福1号,-5.298
上海润岸牵牛花,-5.3
领新佰顺资产2号,-5.3015
和聚信享平台,-5.3312
道枢股票对冲2号,-5.3486
河东定风波中国,-5.3512
雀跃岩辰量化1期,-5.38
中信证券领奕,-5.3931
东方港湾马拉松,-5.3936
银河福星1号,-5.4276
和聚安浦1期,-5.4545
中欧瑞博7期,-5.4658
清和泉金牛山2期,-5.4679
瀚信稳健1期,-5.4795
博颐精选3期,-5.4795
达仁1号,-5.483
汇聚2号,-5.4973
和聚平台证券投资基金,-5.498
弈泰股指增强一号,-5.5
长河优势精选C期,-5.5049
方德信二号,-5.5058
胡杨A股消费3号,-5.5061
钜派专享2号,-5.508
得一优选成长1号,-5.5104
惠正4号,-5.5135
景恒华盈,-5.5165
慧安9号,-5.5464
新同方信托,-5.5499
中欧瑞博2号,-5.5622
中信证券信福2号,-5.566
通用汇锦2号,-5.5813
景泰复利回报十期,-5.598
名禹灵动,-5.599
世诚投资六号,-5.6137
长河优势精选B期,-5.616
瑞民策略精选三号,-5.6193
中睿合银弈势2号,-5.6251
1088平流层2号主题轮动,-5.6262
长河优势3号,-5.6264
大岩量化1号,-5.6364
中睿合银弈势系列A号,-5.6391
锐进41期,-5.6557
中欧瑞博6期,-5.6623
清水源价值2号,-5.6645
广金成长3期,-5.6659
景泰复利回报银信宝三期,-5.6908
清水源精选专项,-5.7065
明见2号,-5.7199
滚雪球价值精选,-5.7283
财富趋势1号,-5.7405
华鑫徐星1号,-5.7425
中信证券信福3号,-5.7439
恒昌格物一号,-5.7764
广发资管大健康2号,-5.7917
中睿合银策略优选系列A号,-5.8046
合正稳健增长二号,-5.814
乾图投资产业价值1号,-5.8243
中睿合银策略优选1号,-5.8319
中信证券信福4号,-5.8325
君享重阳阿尔法对冲一号,-5.8432
京石1号,-5.8476
安民2号,-5.8577
景泰复利回报银信宝四期,-5.8871
云程泰精选1号,-5.8885
博颐精选2期,-5.925
紫霞一号,-5.9365
光大资产权益类A,-5.9448
尚雅7期,-5.9519
天勤7号,-5.9579
高溪量化对冲进取1号,-5.9633
源沣进取1号,-5.9772
通金1号,-5.9811
慧安2号,-5.9934
金中和6期,-5.9976
共盈大岩量化进取,-6.0156
中睿合银策略精选1号,-6.0201
金百合5号,-6.0209
广济桥全球博弈宏观对冲,-6.0302
工银量化恒盛精选A类21期,-6.0419
自然道量化1期,-6.0703
乾阳时势,-6.0755
裕晋投资9期,-6.0773
元上优选一期,-6.1
时田丰三期,-6.1263
乐投新动力2号,-6.1377
睿信3期,-6.14
相聚顺为1期,-6.1453
裕晋5期,-6.1526
博颐精选,-6.1551
彼林乃尔主题精选2期A,-6.1602
名禹灵越,-6.168
龙腾跨市场,-6.2
纳鑫2号,-6.2055
西藏隆源对冲1号,-6.2097
望正鹏辉,-6.2195
锐进35期神农投资,-6.226
合众易晟复利增长2号,-6.2507
裕晋8期,-6.2632
立本1号,-6.3063
缠论1号,-6.3098
巴加索睿赢1号,-6.3261
金算盘保盈1号,-6.33
慧安财富一期,-6.3512
新方程清水源创新,-6.3663
瀚瀚信6号尊享,-6.3725
和聚9期,-6.3842
远策3期,-6.3934
名禹1期,-6.3993
锐进40期兆天,-6.4107
小牛鸿志6号,-6.4175
木鱼1号,-6.4384
卓尔一号,-6.449
沣杨尊享1期,-6.4685
1088平流层1号主题轮动,-6.4762
秋阳1期,-6.4822
泽嘉丰盈1期,-6.4852
申孚5号,-6.4893
慧安财富二期,-6.4976
瀚信稳健2期,-6.51
中欧瑞博1期,-6.5234
慧安财富三期,-6.5449
质嘉一期,-6.557
中信证券领奕一号,-6.568
中信证券领奕三号,-6.568
中信证券领奕二号,-6.568
鼎锋8期,-6.5917
睿信2期,-6.5963
和聚国享1期,-6.6225
阳鸿1号,-6.6376
景泰复利回报第十一期,-6.6434
景富1号,-6.6459
景泰复利回报二期,-6.6625
朱雀1期,-6.6709
信任3号,-6.6981
金诚富利1期,-6.7059
浙商金惠中证转型成长指数型,-6.708
长江超越理财量化3号,-6.7139
汇聚3号,-6.7223
久富1期,-6.7253
金蕴59期(德佳瑞一号),-6.7611
搏股通金鼎宝,-6.7635
裕晋16期,-6.7764
清水源1号,-6.7771
冰剑7号,-6.7814
Z恒五期,-6.7817
慧安浙商家族1号,-6.7831
达仁卓越1号,-6.7844
太平洋证券红珊瑚1号,-6.7892
金中和灵猫1号,-6.825
和聚多策略对冲3号基金,-6.8413
思源赛富1号,-6.85
锐进31期,-6.8512
宽桥沪深300指数对冲基金2号,-6.8573
东方港湾1期,-6.87
秋阳3期,-6.8787
年轮一期,-6.8932
蓝海汇赢主题驱动1号,-6.9064
广汇缘5号,-6.9138
庆东1号,-6.9138
昭时五期,-6.9149
永望复利成长1号,-6.9159
A基金,-6.9252
景泰复利回报五期,-6.9313
泰复利回报五期(A型),-6.9313
新价值8号,-6.9332
万晟正朗,-6.9353
汇富3号(远策),-6.9356
映雪霜雪2期,-6.9415
和聚光明1号,-6.9419
长见精选1号,-6.9444
金典新繁荣一号,-6.9596
时田丰二期,-6.9623
亿润1号,-6.974
同心吉祥中睿1号,-6.9767
世诚扬子3号,-7
兴聚财富7号,-7.001
朱雀3期,-7.0215
千合紫荆1号,-7.023
新里程藏宝图二号,-7.0342
兰权基金稳进1期,-7.0688
厚达新经济2号,-7.0796
朱雀合伙专项,-7.0913
和聚鑫享1号,-7.0938
裕晋11期,-7.0961
重阳6期,-7.1053
润茂1期,-7.1063
榕树文明复兴三期,-7.1181
慧安1号,-7.1187
盈丰1号,-7.1429
光华精选2,-7.1488
和聚华享对冲1期,-7.1542
中欧瑞博9期,-7.1611
汇祥2号,-7.1648
冰剑8号,-7.1667
源乐晟乐享,-7.174
远策2期,-7.1773
挺浩一期,-7.2161
远策1期,-7.2227
慧安财富五期,-7.2229
新价值稳健1号,-7.2258
箫峰飞龙二号,-7.2309
乐投新动力,-7.2605
国元元汇羽时择时1号,-7.2727
和聚诺亚专享6号,-7.2778
志禾对冲1号,-7.2856
慧安6号,-7.2883
世诚扬子二号,-7.3063
黑水磐石多维趋势优化二号,-7.3123
和聚鑫享2号,-7.3473
金钥匙东方港湾港股通2号,-7.3529
和聚多策略对冲6号,-7.3643
金钥匙金石五期1号,-7.3706
和聚诺亚专享5号,-7.3912
和聚聚海1号,-7.4024
和聚永享1号,-7.4025
和聚诺亚专享2号,-7.4038
和聚安享2期,-7.4061
和聚锦安1号,-7.4062
慧安财富六期,-7.4074
鼎时赢新动力1期,-7.4202
朱雀品清,-7.4291
慧安浙商家族2号,-7.4297
融裕33号六禾财富黄浦,-7.4301
永望复利成长2号,-7.4396
和聚嘉享1号,-7.4431
畅誉领航三号,-7.4572
和聚稳赢1号,-7.485
太平洋红珊瑚2号,-7.4965
国时智网易选赢1号,-7.5
金辇1号,-7.5
慧安3号,-7.5182
尚集积极型1号,-7.5243
榜样优选对冲,-7.5298
盈峰,-7.5465
合赢,-7.5465
青忻1号,-7.5788
远策5期,-7.588
冰剑12号,-7.5914
家和万事兴1号,-7.5995
旭诚二期,-7.6158
沣杨旺德福,-7.6308
国投瑞僖稳健收益,-7.6309
朱雀1期,-7.6703
世域2期,-7.677
朴石7期,-7.7119
联创永泽5期,-7.7209
远策7期,-7.7218
向日葵稳健混合1号,-7.7274
沣杨锦绣,-7.74
合众易晟复利增长1号,-7.7551
财达智汇量化对冲2号,-7.7629
久富2期,-7.7699
好德顺稳健2号,-7.7808
远策7期,-7.8111
巨杉银信宝八期,-7.8128
朱雀2期,-7.8205
时田丰一期,-7.827
得大二期,-7.8306
冰剑2号,-7.8371
神农长空集母基金,-7.8429
正朗成长资产,-7.8485
钜派双核,-7.8621
搏股通金2号特定,-7.8673
久富3期,-7.8797
智德精选5期,-7.8808
和聚聚惠1号,-7.887
六禾财富东莞,-7.8936
腾飞创赢1期,-7.9048
国金工银汇利1号,-7.9153
师之宏,-7.9502
延信稳健1号,-7.9545
品正理翔价值成长,-7.96
景泰复利回报1期,-7.9619
聚睿1号,-7.9647
飞天1号,-7.9781
淳阳天天向上3号,-7.9781
中国龙价值(二),-7.9805
冰剑9号,-7.9927
华辉价值星一号,-8
新湖赋成量化5号,-8.0073
新湖赋成量化4号,-8.0209
朱雀9期,-8.0463
朱雀13期,-8.0533
尚雅6期,-8.0533
财富宝,-8.0567
好德顺灵活3号,-8.0592
国华2号,-8.062
长阳似锦一期,-8.0624
展博卓越一号,-8.0738
远策9期,-8.0976
海棠,-8.1344
景泰复利回报第八期,-8.137
巨杉银信宝九期,-8.1602
塔晶狮王二号,-8.1608
华洲六号,-8.1633
证大天迪全价值对冲一号,-8.1733
朱雀10期,-8.2224
安信尊享成长,-8.224
唐印2号,-8.2278
华侨壹期3号,-8.2322
高溪多空趋势,-8.2552
景泰复利回报银信宝一期,-8.2744
灵溪一号,-8.2968
金域量化6期,-8.3
菁英时代价值成长3号,-8.3097
磐久价值一期,-8.3127
世诚诚宁主动管理,-8.3303
浙商金惠聚焦定增2号,-8.3455
兴福1期(兴聚),-8.3469
证大久盈旗舰103号,-8.3495
慧安5号,-8.3662
麦肯特财富,-8.3777
润升投资瑞富1号,-8.38
合正普惠共赢1号,-8.3826
中国龙价值,-8.383
资富精鉴四期基金,-8.3874
冰剑3号,-8.3912
文峰1号,-8.3978
远策对冲1号,-8.4188
学美一号,-8.4193
柘弓1期,-8.4393
申孚6号,-8.4814
辰月成长优选1号,-8.4878
冰剑10号,-8.4892
八极乾吉系列浮动收益2期,-8.5068
兰权基金精进1期,-8.5106
银际资本2号,-8.5127
顺势达1号,-8.5162
二沙财富1号,-8.5346
巨杉净值线10号,-8.5354
和聚鼎宝诺亚专享6号,-8.5385
中睿合银8期,-8.543
东北证券融通一期,-8.5466
新方程聚享1期,-8.5565
重阳3期,-8.5582
日进斗金05号,-8.5669
和聚汇享1期,-8.5711
玉麒麟5号,-8.5935
冰剑6号,-8.5985
中欧瑞博12期,-8.6
时澍普润量化,-8.6114
和鑫优选1号,-8.6155
睿信5期,-8.6211
唐印1号,-8.6225
世诚投资1号,-8.6475
朱雀4期,-8.6514
世诚全意通宝,-8.6577
荣辉1号,-8.6587
博豪成长一号,-8.6618
航长常春藤2号,-8.6736
搏股通金2号6期,-8.6749
搏股通金2号9期,-8.6749
安晟,-8.6783
通度1号,-8.691
和聚鼎宝诺亚专享1号,-8.6939
国泰君安君享盈信2期,-8.7029
和聚鼎宝诺亚专享5号,-8.7087
和聚鼎宝诺亚专享2号,-8.7139
智诚12期,-8.7171
鼎泰岩2期,-8.7323
游马地3号,-8.7344
蕴泽1号,-8.753
兴聚财富2号,-8.7678
明华新兴成长,-8.7679
搏股通金2号4期,-8.7703
搏股通金2号8期,-8.7703
0204),-8.7826
联讯天星资本1号,-8.7969
世域1期,-8.8169
众智组合1号,-8.8203
朱雀19期,-8.8421
诺鼎季风价值2号,-8.8594
世诚扬子10号,-8.8599
尊享和聚,-8.8646
私募学院菁英38号,-8.8717
云门稳进1号,-8.8722
铭深1号,-8.9023
和聚鼎宝诺亚专享3号,-8.9047
康曼德001号,-8.9112
睿信1期,-8.913
冰剑1号,-8.9155
聚益1号,-8.9157
创新成长1号,-8.9582
银帆一期(铂金1号),-8.9683
华展金丰财源广进1期,-8.9798
成都君海,-8.9985
伏明2号,-9
君一对冲,-9.0085
融智中聚鼎宝7期,-9.0099
尚雅1号,-9.0138
圆融新蓝筹1号,-9.0283
踊跃2号,-9.0466
太极1号基金,-9.0595
七禾新煌昱合作发展,-9.0609
时田丰六期,-9.0721
朱雀5期,-9.0874
万盟盛世1号,-9.1
黄金优选40期1号,-9.1137
行知转折1期,-9.1249
盈象1号,-9.1271
华西神农繁荣,-9.1566
方向优选1号,-9.1679
大钧盛世精选主题,-9.1699
巨杉净值线3号,-9.1818
上海润岸牵牛花1期,-9.2
和聚鼎宝1期,-9.2005
渝信壹号,-9.2068
汇嘉精选成长,-9.2176
合正普惠1期,-9.2191
懋峰平和二号,-9.2206
朴石3期,-9.2208
深源一号,-9.2247
海汇财富1期,-9.2377
阳光宝3号,-9.2627
鼎宝安聚1号,-9.2727
神农价值精选1号,-9.2762
冰剑11号,-9.2969
雄翔二号,-9.3
朱雀精选,-9.3085
道高红牛1号,-9.3301
倍霖山如意一号,-9.3533
理成转子8号D期,-9.3581
和聚安享1期,-9.3625
来兴2号,-9.374
朱雀12期,-9.4035
长河优选1号A,-9.434
永瑞5号,-9.4406
和聚鼎宝2期,-9.4541
润桂投资中润一期,-9.4746
民晟红鹭6期,-9.4931
鼎萨价值精选2期,-9.4937
赋成对冲9号,-9.5063
大成创新资本灵活配置2期,-9.5148
博道精选9期,-9.5238
明耀六号,-9.5382
泓瑞1号,-9.5396
大成创新资本灵活配置3期,-9.5429
平安金牛一期,-9.5466
穿石年轮,-9.5472
彤源5号,-9.55
证研一期,-9.5555
太和先机策略精选3期,-9.5707
赢动先锋,-9.5993
盈丰康伦1期,-9.6286
淳阳天天向上2号,-9.6341
秦天经纬方略,-9.6356
大成创新资本灵活配置4期,-9.64
和聚鼎宝4期,-9.6539
神农长空集基金,-9.6584
冬泉谷对冲1号,-9.6756
神农长空集基金1号,-9.6781
共盈立源新产业,-9.6987
汇利优选10期,-9.7164
瀚信价值3号,-9.7193
广汇缘1号,-9.7225
大成创新资本灵活配置1期,-9.7258
平安证大一期,-9.735
恒复趋势1号,-9.7436
天勤2号,-9.7553
能信1号,-9.7815
翼虎成长九号,-9.7923
神农鼎实3号一期,-9.7967
定风波价值因子,-9.8
东方港湾马拉松一号,-9.802
重阳对冲2号,-9.808
沃胜5期,-9.8083
智德精选,-9.816
恒益富通3号,-9.8291
汉潮1期,-9.8326
进化论稳进二号,-9.8619
雷钧互联网+优选1期,-9.8632
红岸量化精选1号,-9.8673
理臻4号,-9.8764
朱雀新趋势,-9.8765
百宏成长基金,-9.9045
和聚鼎宝5期,-9.9114
西域和谐7号,-9.9142
川泽2期,-9.9358
道冲量化1号,-9.9366
博道精选5期,-9.9446
正弘2号,-9.9548
太极1号,-9.9573
德韬2号,-9.972
金钥匙金石五期3号,-9.9779
和聚广享1期,-9.992
中众都发一号,-10
银石8期,-10.0049
兴福1期(华夏),-10.0156
朴信成长2号,-10.0474
静好壹号,-10.0656
万泰华瑞一号,-10.1149
金钥匙金石五期,-10.1554
巨杉净值线8号,-10.1846
上海润岸紫桐,-10.199
嘉和对冲1号,-10.2039
智诚10期,-10.219
凡贝资本启航1期,-10.246
沃胜七期,-10.2564
光大金控泰玉2号,-10.2665
稻源稳进,-10.274
璞理成长1号,-10.2828
敬勤旅行者一号,-10.303
塔晶狮王,-10.3037
兴聚财富1号,-10.3122
腾倍尔9号,-10.3125
光大金控泰石1号,-10.3156
神农五福,-10.3202
信一对冲,-10.3252
博约一期投资基金,-10.338
凡得幸福轮动4号,-10.3448
鼎锋1号,-10.3673
朱雀22期,-10.3698
鼎锋5期,-10.3827
智德二期,-10.3865
辰月价值精选1号,-10.3922
朝阳50超预期1号,-10.3947
宝晟2期,-10.3992
航长常春藤,-10.4087
德丰华1期,-10.4182
乐得鹭岛1号,-10.4294
瀚信成长2期,-10.432
久义精选,-10.4385
温瑞福2号,-10.5066
霸王龙1号,-10.52
朱雀新动力聚富H期,-10.5322
巨杉周期1号,-10.5373
朱雀新动力聚富E期,-10.5383
朱雀新动力聚富J期,-10.539
朱雀新动力聚富B期,-10.5391
朱雀新动力,-10.5405
鼎萨1期,-10.5443
银国达佛山1号,-10.5649
邦德嘉3号,-10.5941
景泰复利回报,-10.5954
莞一对冲,-10.6047
中卓成长1期,-10.6062
望正精英浩然1号,-10.6195
九水健康成长,-10.6239
神农本草,-10.6257
竣弘家族尊享,-10.6557
穿石品质生活,-10.6777
东方点石尊享2号,-10.7061
细水菩提,-10.7556
锐进5期源乐晟全球成长,-10.7719
穿石品质生活二期,-10.7781
财富骐骥18号,-10.7895
巨杉净值线1号,-10.797
诚朴息壤一号,-10.8
弘尚资产成长精选1号,-10.8108
理成转子8号C期,-10.8136
聚鑫3号,-10.833
恒信盈创成长三期,-10.8391
合撰成长精选贰号,-10.8458
景恒长鸿,-10.8653
新湖t海恒航一期,-10.874
银万丰泽1号,-10.8951
博道全天候对冲一号,-10.9159
朱雀新机遇汇智A期,-10.9201
朱雀新机遇,-10.9201
博鸿成长2号,-10.9508
向上资产1号,-10.9822
咏春2号,-10.9996
滚雪球西湖2号,-11
私募学院菁英21号,-11.0087
中睿合银策略组合A号,-11.0225
凡得幸福轮动二期,-11.0345
智德持续增长,-11.0371
万吨深海鲸一号,-11.0436
上善若水厚德稳健,-11.0632
和聚福享1号,-11.0704
鑫富源1期,-11.0708
知钱青云1号,-11.0762
景林丰收,-11.0785
兴聚1期,-11.0847
巨杉净值线2号,-11.0951
博鸿成长1号,-11.1302
胜数量化2号,-11.1443
工银量化恒盛精选A类5期,-11.1769
东方港湾马拉松二号,-11.1776
龙腾9期,-11.1828
长青藤2期,-11.19
盈峰动态优选,-11.2169
武当1期,-11.2229
国金财富1期,-11.2748
国泰君安兴富进取2期第1期,-11.2752
合正普惠1期,-11.2789
邦德嘉1号,-11.2871
浙商金惠东证做市增强1号,-11.2954
宝银创赢摇钱树股指自动化策略基金23号,-11.3114
普尔5号,-11.3611
财富对冲一号,-11.3744
天一精选1期,-11.3754
融珲6号,-11.3829
天乙1期,-11.3838
锐进28期朱雀穿越策略,-11.3901
尊岳优选6号,-11.4141
天勤进取3号,-11.4228
万吨深海鲸旗舰基金(华泰),-11.4347
仙童1期(海南成长二期),-11.44
普尔1号,-11.4481
嘉泰量化对冲1期,-11.4629
量华1号,-11.4654
瀚信经典1期,-11.4712
聚鑫1号,-11.4757
蒂高一号,-11.4843
重阳7期,-11.4971
宏升远望6号,-11.5
箫峰飞龙三号,-11.5026
民森尊享先进生产力二期,-11.5039
广金成长,-11.5184
灵溪三号,-11.5247
鼎锋10期,-11.5358
华信资产价值1号,-11.5368
至信40号聚信2期,-11.5582
元普金牛3号,-11.56
兴聚财富6号,-11.5612
朴石8期,-11.5742
世通1期(康庄1期),-11.5922
朴石2期,-11.5998
巨杉净值线7号,-11.6048
中睿合银弈势3号,-11.6358
领源春天一号,-11.6552
理成转子8号B期,-11.657
沃胜9号,-11.6587
箫峰飞龙1号,-11.6653
景恒德盛,-11.6698
弘尚资产成长精选2号,-11.6705
旭为先沣2号,-11.7
创盈2号(源乐晟),-11.7041
融通价值发现3期,-11.7241
国金慧泉多策略2号,-11.7313
理成转子10号,-11.7637
理成转子10号财富1期,-11.7801
坚果1号,-11.7857
理成转子10号财富2期,-11.7955
旭为先沣1号,-11.8
珩生晶盈二期,-11.8077
菁英时代价值成长5号,-11.8164
华夏财富阿尔法1号,-11.8242
证研六期,-11.8261
乾元泰和复利3号,-11.8281
宝慈证券投资基金,-11.8432
世富壹玖飞跃,-11.8835
理臻3号,-11.8999
融智天道1号量化,-11.9094
谙盈一号,-11.9139
鑫狮善渊守中,-11.9206
比格戴特1期,-11.9226
朴信创新1号,-11.9337
锐进13期通用汇锦3号,-11.954
知新2号,-11.9885
达尔文对冲一期,-11.9986
实力稳进,-12.0063
朱雀国企改革主题,-12.0269
邦德嘉2号,-12.0673
彩瑞3期,-12.1009
智诚6期,-12.1083
重阳2期,-12.1239
宇纳资本稳健型1号,-12.1264
瑞业成长2期,-12.1422
招商汇智之恒健远志,-12.1448
浦江之星32号(第二期),-12.1464
惠正创新,-12.1747
巨杉净值线4号,-12.1794
汇富17号(隐形冠军二期),-12.2423
新蓝筹2号,-12.2423
森林湖1号,-12.2449
睿信4期,-12.2503
华安4号,-12.2547
中睿合银弈势1号,-12.2584
凡得幸福CPA趋势追踪,-12.28
盈峰成长6期(原合赢8期),-12.2961
久熙精选2号,-12.3118
融智坤朗仁玺邦一期,-12.3197
伽蓝一号,-12.3534
小马证券,-12.3812
证大久盈旗舰106号,-12.3902
朴信2号,-12.3904
晟世2号,-12.4176
卓晔2号,-12.4242
盛通精选2号A类1期,-12.4358
中汇金凯5期,-12.4435
朝阳中睿专享1号,-12.4481
乐晟股票精选,-12.4678
辉耀1期,-12.5122
东方红先锋2号,-12.5165
长城景恒德丰,-12.5435
天乙合1号,-12.5568
从容优势三期,-12.5871
君泽擎松灵活配置一号,-12.5874
融儒尊享1号,-12.5957
安泽信长一号,-12.6
重阳1期,-12.6332
巨柏1号,-12.6565
旗隆雪峰医药对冲基金2期,-12.696
B容一期,-12.7218
龙腾1期,-12.7368
铜爵战略新兴产业1号,-12.7469
万吨深海鲸二号,-12.7617
申孚3号,-12.7623
西藏明曜聚富三号,-12.8019
智诚11期,-12.8278
天裕成长1号,-12.8301
金马君盛1号,-12.8321
河东定风波规模因子增强,-12.8358
智德精选3期,-12.8469
恒捷财富1号,-12.8571
新价值1期,-12.8656
旭诚七期,-12.8976
菁英时代紫荆汇,-12.916
琳琅智晶01号,-12.9231
理成风景3号,-12.9474
游马地2号,-12.9518
理臻1号,-12.9932
翼虎成长七期,-13.0012
润桂投资国润一期,-13.0156
翼虎产业转型机会一号,-13.0642
瀚信成长1期,-13.0661
锐进39期民森多元策略,-13.0769
太平洋红珊瑚3号,-13.0795
金牛价值投资3号,-13.0856
新上正百业旺1号,-13.0896
广汇缘3号,-13.0903
师之洋,-13.1048
明日之星第2期(煜融兔子1号),-13.1209
汇创启航1号,-13.1373
景恒先锋,-13.1486
宝慈国企改革1期,-13.1818
辉耀2期,-13.1865
汇冕6期,-13.1892
高能资本龙辕善势一号,-13.2056
证研五期,-13.2058
核动力长期价值1号,-13.2107
小马1期,-13.225
源乐晟3期(富锦21号),-13.2347
润京汇金量化1号,-13.2378
源乐晟6期,-13.2567
阿甘1号,-13.2612
西藏同信同心5号,-13.2686
映雪霜雪10号,-13.2697
望正基石投资一号,-13.2885
太平洋红珊瑚大消费,-13.3036
景恒长江2号,-13.3086
东北证券融智2号,-13.3387
辉耀3期,-13.3404
麦星,-13.3422
锐进45期朴易灵动,-13.3612
金樽1期,-13.3821
论德成长,-13.395
智德1期,-13.3976
东成2号,-13.3993
逸帆风顺1号,-13.4
菁英时代优选2号,-13.4096
甄投云联成长1号,-13.4241
智诚8期,-13.4588
尚道尚新灵活策略,-13.4868
翼虎成长一期,-13.4931
金海5号,-13.4965
兆天金牛精选2号,-13.4975
奇益1号,-13.5034
翼虎成长三期,-13.5288
翼虎成长五期,-13.5337
汇利优选9期,-13.5356
肇毓投资进取一号,-13.5371
和熙19号,-13.5446
财通资管财新道26号,-13.5555
前海一线对冲,-13.5635
盛世景新策略1号,-13.5809
泓德8号,-13.6181
大成灵活配置2期,-13.6252
论德1期,-13.633
中信证券贵宾2号,-13.6481
湘财资本6号,-13.6513
银国达佛山2号,-13.6538
映雪霜雪1期,-13.6593
景恒长江,-13.6657
蓝海1号,-13.6826
招商汇智之长青藤1号,-13.6914
盈沣睿信1期,-13.7218
天富3号(瀚信成长3期),-13.7443
新风口价值优选1号,-13.7627
睿信钜景,-13.7806
鑫达众信稳赢1号,-13.7944
鸿逸泰瑞一号,-13.8136
中金家族1号,-13.8428
顺鑫置业1号,-13.845
本正成长系列1期,-13.8912
稳增4期,-13.9012
至秦2期,-13.9466
中兴汇金3期,-13.981
鼎锋4号,-14.0428
金海7号,-14.0758
私募学院菁英42号,-14.1176
佳盈二期,-14.1283
朴度成长,-14.1482
辰阳乾丰7号,-14.1755
上善若水振华5期,-14.2418
展博5期,-14.2456
翼虎成长六期,-14.248
私募基地1号,-14.2482
尚道尚汇,-14.2512
金钥匙东方港湾港股通1号,-14.2534
天勤1号,-14.278
贞观1号,-14.2857
慧安12号,-14.3137
知钱神州1号,-14.328
源乐晟7期,-14.3457
红象1期,-14.3473
健顺云,-14.3555
逸N源1号,-14.36
宝时正气5期,-14.3627
源乐晟10期,-14.3749
宽华定增择时对冲5号,-14.3842
磐耀五期,-14.3904
贝塔新经济01期,-14.3984
汇N劲取,-14.4
唐奇唐雅一号,-14.4248
尊道安泰证券投资基金,-14.4397
汇利优选2期,-14.4413
潮金5号,-14.4428
东方红先锋1号,-14.4635
沃胜三期,-14.4838
鼎锋成长一期,-14.5386
源乐晟双诚二号,-14.5471
菁英时代慧财1号,-14.562
源乐晟2期,-14.563
天风证券天创稳健1号,-14.5701
申懋同心圆一号,-14.5786
知钱神农1号,-14.5787
宝盈伟成一号,-14.596
兴聚财富3号,-14.6067
美联融通1期,-14.613
双赢5期(民森),-14.6165
水木3号,-14.6264
宏禾丰乐2号,-14.6567
胜者一期,-14.6722
巨杉净值线6号,-14.6784
瀚信成长6期,-14.693
招商智远美丽中国,-14.7017
证大久盈旗舰105号,-14.7031
汇富稳健一号,-14.7076
瀚信价值2期,-14.7201
水木5号,-14.7238
明曜启明3期,-14.7458
水木优选1号,-14.749
金蕴12期,-14.7625
源乐晟4期,-14.7724
巨杉精选C号,-14.8148
巨杉精选B号,-14.8148
巨杉净值线14号A,-14.8148
巨杉精选A号,-14.8233
苦行僧资产管理,-14.8258
巨杉精选D号,-14.8348
雷钧2号,-14.8406
瑞森林,-14.8568
源乐晟5期,-14.8868
光华上智1期,-14.9189
汇利优选,-14.9277
混沌2号,-14.95
翼虎成长二期,-14.9664
佳银优选成长,-15
福纳1号,-15
源乐晟11期,-15.0039
博复达投资,-15.0305
智诚稳健回报,-15.0376
睿涛梁溪一号,-15.0417
尚雅1号,-15.0476
富锦7号(汇利),-15.0715
融禾资本3期,-15.0739
水木2号,-15.1044
理臻2号,-15.1175
安州价值成长2期,-15.119
鹰眼成长2号,-15.1372
天晟,-15.1423
聚发(11)混沌1号,-15.16
金蕴87期(中金蓝海中华成长品牌),-15.1608
翼虎成长四期,-15.1709
苦行僧一号,-15.1718
金河新价值成长一期,-15.2017
敬勤灵活配置1号,-15.2064
金蕴21期(泓璞1号),-15.2077
正源仓1号,-15.2174
瀚信成长5期,-15.2471
论德2期,-15.2547
泓德4号,-15.2548
鹤骑鹰御风而行,-15.3036
沃胜二期,-15.3113
长江超越理财琴台1号,-15.3216
盈沃孚天深度价值1号,-15.3385
盈沣睿信3期,-15.3529
涌悦幸福,-15.3707
朱雀23期,-15.375
安州广发制度红利,-15.3768
澄明一期,-15.3931
曦微成长2期,-15.3955
标的1号,-15.4286
景林稳健Ⅱ号,-15.4406
港融联2号,-15.4659
宝时正气4期,-15.4704
瞰金32号,-15.471
蓝海2号,-15.4937
青鼎中港互动1号,-15.5102
沃胜1期,-15.5215
薛神投资量化选股1号,-15.54
明曜精选1期,-15.5539
乐投新动力3号,-15.5892
智诚19期,-15.6393
汇利5期,-15.6484
泓璞2号,-15.6786
恒尚1期,-15.684
六禾光辉岁月10期,-15.6845
东来方元1号,-15.6958
汇富进取一号,-15.7212
和嘉证券,-15.7292
狼图腾1号,-15.7788
长城创蓝筹1号,-15.7895
赛亚明星基金,-15.7895
隐石1号,-15.7986
千翼一号,-15.7998
新上正翔丰1号,-15.804
万泉易德1号,-15.8116
理成风景2号,-15.8148
财富汇股天乐2号,-15.8406
B容二期,-15.8532
民享5期,-15.867
从容成长2期,-15.8918
骐邦涌利稳健成长,-15.912
赛亚成长1号,-15.9187
乐富3号,-15.9214
武当稳健增长,-15.922
从容医疗2期,-15.9658
乐和优选二号,-15.9892
前海旗隆医药衍生对冲基金1期,-15.9971
承源09号,-15.9995
凡得幸福建国,-16.0072
论德3期,-16.0076
诺鼎季风价值1号,-16.0345
六禾光辉岁月1期,-16.0687
天迪价值平衡,-16.0792
护城河3号基金,-16.0822
盈沣睿信2期,-16.0919
重阳目标回报1期,-16.1164
峻谷一号,-16.1236
云腾2期,-16.1241
翊元一号,-16.1446
新方程民森先进生产力子基金1期,-16.18
源贝揽胜二期,-16.2
证研三期,-16.2023
重阳对冲3号,-16.212
旗隆雪峰医药对冲基金3期,-16.2326
和润成长1号,-16.2549
新方程民森先进生产力优先,-16.2574
智诚2期,-16.2623
永达5期(长安投资292号),-16.2704
道勤1号,-16.2933
兆意1期,-16.299
川泽1期,-16.3163
汇利优选6期(富锦12),-16.3349
第01期,-16.3838
永韵骐邦一号,-16.3875
双赢11期(鼎锋),-16.4366
元利成长一期,-16.4532
东裕腾牛成长1号,-16.4544
华融金三板掘金1号,-16.456
知新1号,-16.4722
0203),-16.4958
光大基金宝均衡价值,-16.5501
融裕三期(惟创1号),-16.5562
t童源稳健成长1期,-16.5631
菁英时代北斗星1号,-16.6111
联讯价值7号,-16.6214
普尔优骐,-16.636
呈瑞6期,-16.6515
源富达2号,-16.6544
金中和1期,-16.6724
达仁卓越3号,-16.6833
屹成一期,-16.684
至尊6号六禾成长,-16.686
金狮156号,-16.711
红枫,-16.7125
天象6号,-16.7733
源乐晟恒晟,-16.7749
菁英时代价值成长1号,-16.8266
乾元泰和12号,-16.83
中联恒力一号,-16.8431
明曜启明1期,-16.8557
明曜1期,-16.8658
鼎彤怡顺,-16.89
睿翔1号第一期,-16.8901
金石2期,-16.8933
1104),-16.8975
宝英生命健康,-16.8975
泓德6号,-16.9233
百堂先锋策略3期,-16.9392
义同一号,-16.9439
成功共赢3期,-16.9476
龙凤飞5期,-16.9574
大家投观慧1号,-17
汇利3期,-17.0345
哈福稳健一号,-17.0411
鸿逸尚诚一号,-17.0755
中卓大健康3期,-17.0957
麒涵2号,-17.0969
凯石新增长,-17.0984
英蓝价值动量2号,-17.1472
中金蓝海中华成长品牌二期,-17.1618
福建滚雪球融晨1号,-17.1642
广发恒定7号,-17.165
华贯波段3号,-17.1806
九方聚富2号,-17.2032
B容三期,-17.2052
武当14期,-17.255
神农老院子基金,-17.2592
武当8号,-17.2646
鑫道合元1号,-17.277
鼎锋2期,-17.279
伏明积极成长3期,-17.3
金狮153号,-17.3044
源乐晟9期,-17.3173
鹏城基石中信1号,-17.3256
广金昂立,-17.3311
映雪长缨1号,-17.3429
长青1期,-17.3775
金狮157号,-17.4004
宝时正气1期,-17.5035
穗富明星1号,-17.6
元素铜贰号,-17.6213
竣弘家族尊享2号,-17.6225
中卓成长2期,-17.6316
天勤进取1号,-17.6501
新湖赋成量化6号,-17.6585
从容稳健1期,-17.6708
武当13期,-17.6885
恒道二号,-17.6916
领新佰顺资产1号,-17.696
和顺一期,-17.7161
伏明积极成长2期,-17.78
伏明积极成长1期,-17.7974
伏明积极成长,-17.7974
汇富4号(汇利优选4期),-17.8055
元素铜肆号,-17.8323
尊荣,-17.8444
骐纵优选成长,-17.8555
理尚成长1号,-17.8836
从容成长3期,-17.8948
泓德1号,-17.9162
中卓大健康5期,-17.9325
东兴港湾1号,-17.9364
旗隆医药对冲基金一期,-17.98
山楂树一期,-17.9809
知钱青云2号,-18
穗富6号,-18.0026
瀚信一号,-18.007
金蕴80期(大明投资1号),-18.0297
亨石二期,-18.061
瑞丰汇邦1号基金,-18.0716
爱智价值进取1号,-18.0758
兴聚财富8号,-18.0827
瀚熙智晟二号,-18.1
福慧恒裕3期,-18.1152
成功共赢1期,-18.1229
宝时正气3期,-18.1286
源乐晟8期,-18.158
山楂树二期,-18.1633
海西晟乾3号,-18.1634
鸿逸楚天一号,-18.1683
中兴汇金4期,-18.2306
悟源向东1号,-18.2392
隐形冠军一期,-18.2433
万联万年红新成长,-18.2693
凯石盈泰新经济1号,-18.2781
愚公移山1号,-18.3263
拙进厚诚敏1号,-18.3273
从容优选对冲1号,-18.3359
大富翁1号(续),-18.3486
秩序1号,-18.3694
泓德7号,-18.379
锐进3期博道目标缓冲,-18.4092
成泉汇涌一期,-18.4248
众润都发8号,-18.4466
中兴汇金2期,-18.4466
明曜启明2期,-18.4483
普尔瑞骐,-18.4653
嘉旗成长1期,-18.4805
远见者1期,-18.4877
从容优势一期,-18.5142
宝晟1期,-18.5419
觅贝价值成长一号,-18.5662
惠正成长,-18.6362
华邦增长2号,-18.6613
朝阳贤盛1号,-18.6858
源乐晟策略创新1期,-18.704
宽奇宽和1号,-18.7144
志开金选,-18.7563
资财成长基金,-18.7696
民森K号,-18.7758
长兴1号,-18.7855
浙商金惠2号,-18.8046
同庆2期,-18.8047
弘3,-18.83
智诚16期,-18.8716
武当7期,-18.8918
从容医疗3期,-18.8942
嘉禾1号,-18.9067
恒益富通2号,-18.9216
高创2号,-18.9385
彤源2号,-18.9427
六禾光辉岁月5期,-18.9474
拓璞精选01号,-19.0103
六禾光辉岁月3期,-19.0229
摩通8号(长安投资340号),-19.0497
幸福轮动88,-19.0521
融通资本尚品3期,-19.0622
珈贝壹号,-19.1232
懿和二期,-19.1363
理成转子3号,-19.1508
渊源二号,-19.1532
成泉尊享一期,-19.2565
度量3期,-19.2795
美图成长1期,-19.3195
中卓银龙1号,-19.3204
瓜牛的梦想,-19.3458
汇N新动力,-19.3792
瀚信八零1号,-19.4194
光大同享二号,-19.4442
安信紫星成长,-19.4446
度量2期对冲,-19.4534
创瀛1号,-19.48
谦石精选,-19.4805
中汇金凯4期,-19.4891
从容成长1期,-19.5022
正丰阳1号,-19.5028
锐进2期,-19.524
双赢1期(瀚信),-19.5287
武当3期,-19.5509
珈贝贰号,-19.6168
昱珲泰4号,-19.6182
泽时1号,-19.6346
兴聚财富5号,-19.7183
懿和轩,-19.7202
长安心系列3号,-19.7233
谦石1期,-19.7427
东方港湾创业成长,-19.7764
峻谷二号,-19.7895
好德顺进取1号,-19.801
牧容优选3号,-19.8069
高信百诺价值成长,-19.9036
清研睿合价值成长基金,-19.9368
金涛1期,-19.9382
六禾财富竹溪,-19.9422
世通5期,-19.9491
润凡东海,-19.9536
武当9号,-19.9675
九方聚富1号,-20.0004
云程泰精选2号,-20.0077
长安乐系列5号,-20.0159
光华上智3期,-20.0439
柚子1号,-20.0453
达仁卓越5号,-20.0603
摩通5号(长安投资297号),-20.064
志开金选1期,-20.0803
钜融金鳞2号,-20.0957
鼎诺目标分红1期,-20.1454
惠正成长,-20.1795
金牛5号,-20.1891
赋成量化3号,-20.2037
力量汇富一号,-20.2256
兆泽利丰1期,-20.3417
民森H号,-20.353
朱雀20期,-20.3758
泰瓴3期,-20.3953
倍霖山绝对收益,-20.4333
中金瑞和,-20.4563
承泰淇1号,-20.4679
九茂广运1号,-20.4882
长久赢余1号,-20.5
凡德对冲1号,-20.5064
鸿道1期,-20.542
粤富1号,-20.5731
智诚13期,-20.5829
金鼎5号,-20.5882
紫金港1号,-20.5943
飞龙在天第三期,-20.6065
千石龙腾稳健1号,-20.6275
众拓长红1号,-20.6751
天迪价值,-20.6766
漓江1号稳健成长,-20.6799
天裕成长2号,-20.6802
天勤3号,-20.6963
泰九2期,-20.7382
博道精选8期,-20.7555
信诚1号,-20.7866
融昌3期,-20.7936
安信乾盛智诚9期,-20.8362
小小的船1号,-20.8472
瑞象丰年,-20.8822
前海大宇1号,-20.9293
泽鼎福虹财富管理二号,-20.9453
光华上智5期,-20.9731
昊天1期,-20.9967
中道1期,-21
眼量风物一号,-21.0432
源贝揽胜一期,-21.0628
金陀罗飞龙6号,-21.0863
鸿道精英1号,-21.1001
博道股票精选10期证券投资集合资金信托计划,-21.1074
天迪价值平衡二号,-21.1669
中卓成长10期,-21.1744
谦石1号,-21.2015
尚雅2期,-21.2121
汉景港湾4号,-21.2496
中兴汇金景地2期,-21.2831
鼎尚一号,-21.3007
颂逸一期,-21.3115
尚雅4期,-21.3442
尚雅5期,-21.3519
朴道二期,-21.3545
聚鑫2号,-21.4015
世纪白玉尊中国新星,-21.4107
融合一号,-21.4141
展博1期,-21.4238
高信百诺1期,-21.4391
博道精选11期,-21.4589
和赢核心1期,-21.4882
御峰二号,-21.4934
感叹号管理型2期,-21.5579
民森A号,-21.5596
富瑞定量1号,-21.5669
帷幕基金,-21.5889
证研宝,-21.597
兴投2号,-21.6617
龙凤飞1期,-21.7071
天乙8期,-21.719
博道精选A号,-21.7516
博道精选1期,-21.7523
武当4期,-21.7536
和熙6号成长型中信,-21.7694
汇富进取三号,-21.7712
君享博道精选,-21.8232
国泰君安君享选一期,-21.8384
大明投资玉麟1号,-21.8506
金骏创新成长,-21.8646
泰h永福,-21.8719
智信创富2期,-21.8792
中鼎盈丰二期,-21.8828
尚雅14期,-21.923
智信创富1期,-21.9529
武当12期,-22.0148
浙商金惠新机遇1号,-22.0444
汉景港湾3号,-22.0619
从容医疗1期,-22.0955
武当5期,-22.1031
从容成长8期,-22.108
懿和轩优选1号,-22.1672
国淼一期,-22.1909
龙腾3期,-22.2012
朴信1号,-22.2546
泰九1期,-22.2817
博道精选7期,-22.3267
民森B号,-22.328
锐进12期鼎萨,-22.3394
健康生活主题,-22.3518
智硕一号,-22.3648
金蕴55期(季胜),-22.3811
金中和东升,-22.4803
尚雅3期,-22.4948
智诚15期,-22.5088
华星景程5号,-22.541
融汇31号,-22.5646
金中和1期,-22.5852
民生财富成长1期,-22.5953
融智汇瑞1号,-22.64
从容5期,-22.6867
君泽利2号,-22.7853
尚雅1期,-22.7945
天澄海澈一期,-22.8261
励石一号,-22.8331
冠丰3号消费优选,-22.8464
浙商云端一号,-22.8511
金蕴102期(季胜常莳稳健),-22.8855
智诚3期,-22.9445
长安投资310号(财源1号),-22.9823
龙腾5期,-22.9999
国信鸿道对冲限额特定1号,-23.0946
武当11期,-23.1035
长安乐11号,-23.1202
润凡前海,-23.1414
智祥一号,-23.1733
新财富3号,-23.1757
鑫中汇TMT成长一期,-23.186
朴道三期,-23.1904
磐厚蔚然继游一号,-23.2106
龙腾全市场,-23.2691
大明投资2号,-23.2698
武当6期,-23.4323
资财基金1号,-23.5254
通用汇锦1号,-23.5426
盛世源,-23.5836
智诚4期,-23.5966
稳健成长5号,-23.6271
谦石2号,-23.6307
资富精鉴二期,-23.6344
鼎锋成长3期,-23.6393
金陀罗飞龙3号,-23.6624
广金成长6期,-23.6877
金蕴70期(鼎萨),-23.6899
鼎萨3期,-23.6968
牛魔王创富一号,-23.6989
尚雅11期,-23.7031
方正金鑫发1号,-23.7274
展博2期,-23.7375
映雪灵活对冲1号,-23.7759
融新254号展博3期,-23.7947
品正理翔进取,-23.9239
久阳润泉二号,-23.9732
银石1期,-23.9796
浙商金惠引航,-23.9818
浦江之星130号,-23.9822
宁锐达7号,-23.9833
永源二号,-23.9872
鼎阳稳健,-23.9936
常莳多策略对冲一号,-24.0028
毕咸01期,-24.0387
得利宝至尊九号,-24.0423
鸿道2期,-24.0454
风格汇鑫6号,-24.1319
亨石一期(小雅2号),-24.2519
金泰瑞丰(乾清),-24.2957
国泰君安君享展博一号,-24.3084
浙通1号,-24.3182
彩瑞五期,-24.3256
佳盈一期,-24.4128
天乙2期,-24.4238
双赢8期(尚雅),-24.4701
双赢13期(鸿道),-24.4983
永泽PIPE基金1号,-24.503
天下粮仓稳健增长,-24.5094
云端3号,-24.5588
朴道二期,-24.5682
永安信创者永二号,-24.6
汇富进取二号,-24.6243
拓璞晋商1号,-24.6502
大君智萌创新2期,-24.6988
润凡重明1号,-24.7134
保腾丰享证券投资基金,-24.7142
博腾绝对收益1号,-24.7967
万永2期,-24.8003
倚天神雕侠侣1号,-24.8162
合友智盈,-24.8189
从容医疗精选,-24.8297
森瑞独立景气三号,-24.8744
国泰君安君享民晟一号,-24.9501
弘晟一期,-24.9505
森瑞独立景气,-24.9727
金蕴66期(联创永泽),-24.979
鼎萨价值精选1期,-24.9826
恒信盈创成长七期,-25.0253
磊赢,-25.1787
西域光华59,-25.1799
承天传富1号,-25.2062
广金成长8期,-25.2084
抱朴卓越成长1号,-25.2174
宁金成长1号,-25.3041
财智生活启航一期,-25.32
金牛传奇百年1号B,-25.3541
海阔天空二期,-25.4545
金牛角稳健成长1号,-25.4569
创瀛2号,-25.4925
平安稳健资本一号5期,-25.5888
鸿道4期,-25.673
金石3期,-25.7038
明远睿达1号,-25.7895
智诚7期,-25.8424
陆港纳百川1号,-25.8702
煜融翻倍黑马,-25.8736
太平洋红珊瑚8号,-26.006
达仁通宝2期,-26.0679
仝仝成长,-26.1044
鸿道3期,-26.1619
智诚5期,-26.2509
长安投资280号(磐石投资),-26.3292
锐进6期,-26.4571
易得资本1号,-26.5101
盈捷九头鸟2期,-26.5205
新上正迅利成长1号,-26.5957
本正成长系列2期,-26.6058
旗隆阿尔法对冲科技增强一期,-26.6565
懋峰进取三号,-26.7258
浙商金惠先锋1号,-26.8027
富锦8号(尚雅),-26.8732
国泰君安君享朴道一期,-26.9185
常阳1号,-26.996
尚雅9期,-27.0243
铭渡优势成长1号,-27.0865
中金蓝海中华成长品牌,-27.1506
中兴汇金1期,-27.1683
鼎诺秋实1期,-27.3221
融林捷1号,-27.3821
鸿道国企改革,-27.3932
懋峰二号,-27.4191
联讯证券价值9号,-27.4498
岩叶价值一号,-27.655
铀链大盘波段1号,-27.6616
普尔创智,-27.6658
得利宝至尊8号,-27.6856
森瑞医疗服务,-27.6951
太平洋红珊瑚高端制造,-27.7309
尚雅13期,-27.8354
圆融方德量化对冲,-27.88
懋峰三号,-27.9341
佳盈积极成长,-27.9941
盈捷九头鸟1期,-28.1052
懋峰一号,-28.18
乾元泰和11号,-28.383
天下溪基金,-28.4257
朴道一期,-28.4972
汇富量化一号,-28.4974
泽鼎福虹财富,-28.7418
佳盈三期,-28.8372
御峰一号,-28.8795
炒贵1号,-28.8795
懋峰平和一号,-28.9795
融临润泽成长01号,-29.0761
紫金港3号,-29.0944
禾木1号,-29.1754
精忠报国1号,-29.383
证研二期,-29.4507
明日之星第6期(煜融兔子一百),-29.6775
联讯三板汇1号,-29.7151
普尔牛顿,-29.736
久富宝一号,-29.8596
富民1期,-29.8964
厚启财富2号,-30
普尔一号,-30.0479
龙票1期,-30.2655
普尔麒麟,-30.3612
信投鼎利1号,-30.4803
领新安盈5号,-30.5124
普尔聚鑫,-30.5254
浑元三号,-30.5709
康元一期,-30.6
普尔二号,-30.6598
懋峰进取一号,-30.7052
卓盈03号,-30.7547
鼎萨价值成长基金,-30.7887
洵源趋势波动,-30.8
钱爸爸智牛一期,-30.8156
巨擎君桐1号,-30.9104
赛亚美纯基金,-30.9224
懋峰对冲三号,-30.9246
鸿逸安泰一号,-30.9728
鑫顺3号,-31.1148
金思维金三板88做市指数基金一号,-31.1333
鸿逸泰瑞二号,-31.2069
建泓绝对收益一号,-31.2644
银石3号,-31.3822
金贝壳1号,-31.4162
君冠1号,-31.4256
允泰盈富,-31.5136
兆泽利丰3期,-31.5893
资臻1号,-31.6209
银石5期,-31.6379
阿杏大白1号,-31.7144
君祺成长贰号,-31.7724
融汇8号,-31.8382
骏马奔腾1号,-31.8527
鸿逸安泰七号,-32.1237
潮金1号,-32.1297
中域增值1期,-32.224
浙商金惠1号,-32.2899
前锋基石1号,-32.4324
世通嫦娥奔月,-32.4329
融泰汇通明道2号,-32.4675
广发资管增稳6号,-32.48
丰煜如意理财一期,-32.4816
大君智萌创新1期,-32.6087
昱珲泰2号,-32.8494
丰大一号,-33.0982
倚天七剑下天山7号,-33.119
榆旺1期,-33.1283
融临58号,-33.1362
普尔润升,-33.1469
浙商金惠3号,-33.1809
大君智萌2期,-33.2389
永源一号,-33.2788
金海1号,-33.3188
君泽利1号,-33.4512
富崇1号,-33.4921
积胜1期,-33.5904
金蕴57期(博润视角),-33.6326
融汇37号,-33.6783
正弘1号,-33.7544
银石6期,-33.7895
勃尔金二号,-33.8276
厚元稳健1号,-34.0176
千禾汇智创新2号,-34.1294
尚雅12期,-34.2191
宏石1号,-34.3575
西域中天1号,-34.3691
银石2期,-34.5832
丰大2号,-34.9965
旗隆雪峰医药对冲基金1期,-35.024
穗富8号,-35.0905
元普金牛2号,-35.2596
普尔润丰,-35.2642
煜融飞翔号,-35.3967
同城财富开泰1号,-35.7057
天启蛇,-35.7197
懋峰对冲二号,-35.7799
通泽策略一号,-35.8447
武当10期,-35.964
金陀罗飞龙1号,-35.9826
蕴泽2号,-35.996
钜融金鳞1号,-36.3371
鸿逸1号,-36.5328
乾元泰和1号,-36.5738
复金1期,-36.574
喜仁量化搏击,-36.6049
煜融金钻3号,-36.803
融信德福互联网新兴,-37.0103
阿杏大白2号,-37.0939
融泰众融中鑫1号,-37.2093
精忠报国2号,-37.5132
鑫胜财富1号,-37.6511
智诚金牛,-37.7242
冰冷五期,-38.1747
凯鼎君能长盈1号,-38.6386
中通玄华价值优选策略1期,-38.7545
泰石1期,-38.8033
久阳5期,-38.91
美通2期价值成长,-39.0706
倚天鸳鸯刀17号,-39.2237
圆融方德前海富达2号,-39.2509
瑞蓄一期,-39.3707
天贝合成长1期,-39.6683
八阳6号,-39.7225
和信成长11号,-40.1943
粤蓝海汇富1号,-40.5738
翔阳创富1号,-40.6319
君盈成长,-40.6839
博纳1期,-41.2082
丰大品格1号,-41.349
朝阳鸿逸1号,-41.573
穗富11号,-41.7853
永柏联投成长精选1号,-42.386
穗富1号,-42.413
穗富2号,-44.0244
大秦基金幸福一号,-44.0763
德源安1期,-44.1094
伽蓝深度价值一期,-44.2403
广金成长7期,-44.8418
冰冷七期,-44.9331
云宝壹号,-45.5265
昊润更盛一号,-45.5613
冰冷1期,-45.568
创金灵活成长1期,-46.7262
冰冷2期,-47.2728
上投摩根消费成长3号,-47.2932
君泽利混合共赢,-47.3948
参正一号,-47.6244
汇富177号(常春藤15期),-48.1295
共青城新里程,-48.1752
倚天雅莉3号,-48.8736
乾元泰和复利1号,-49.2568
昱珲泰1号,-50.0933
贝成滚雪球1号,-51.495
穗富3号,-51.7901
宝丰源2期,-52.5815
倚天雅莉4号,-53.7059
天马一期,-57.224
中山165,-58.8653
柚子新起点,-59.5397
加峰涨之势1号,-60.5212
神奇1号,-70
